"Id","ParentId","CreationDate"
25838584,25838512,2014-09-14 22:22:38
27551102,27461432,2014-12-18 16:18:15
29344026,29297579,2015-03-30 10:38:05
29357309,29283841,2015-03-30 22:14:48
29495886,29485562,2015-04-07 15:56:06
30070326,30068341,2015-05-06 07:34:50
30106785,30092360,2015-05-07 16:29:00
30237070,30214698,2015-05-14 12:10:11
30268859,30172382,2015-05-15 21:16:20
30290362,30133814,2015-05-17 18:13:01
30495978,30396392,2015-05-28 01:58:36
32005243,30115812,2015-08-14 08:09:05
32060236,32060196,2015-08-17 21:47:56
32252449,32252282,2015-08-27 14:41:38
32423130,32422626,2015-09-06 11:39:08
32465554,32451243,2015-09-08 19:17:16
32620509,32612311,2015-09-16 23:45:00
32760764,32752659,2015-09-24 11:59:56
32857098,32431471,2015-09-30 03:07:41
33867833,33708725,2015-11-23 09:44:23
34005075,32434805,2015-11-30 18:06:05
34208081,34047782,2015-12-10 17:25:00
34325425,34320449,2015-12-17 02:00:13
34328911,33229576,2015-12-17 07:27:41
34335626,33802274,2015-12-17 13:20:02
34545225,34545078,2015-12-31 10:47:14
34615413,34614582,2016-01-05 15:32:53
34673140,34335483,2016-01-08 09:07:08
35020997,34990561,2016-01-26 18:20:06
35414580,35376910,2016-02-15 16:41:27
35423846,35411741,2016-02-16 04:37:02
35566273,35562896,2016-02-22 23:54:32
35601231,35600907,2016-02-24 11:42:31
35643096,35627916,2016-02-26 03:51:29
35650197,35631267,2016-02-26 11:11:05
35765912,35682879,2016-03-03 07:37:05
35980492,35973168,2016-03-14 06:01:52
35983684,35970126,2016-03-14 09:26:29
36000440,35886113,2016-03-15 00:10:13
36002193,35998155,2016-03-15 03:30:04
36132435,36125274,2016-03-21 13:32:42
36134909,36126897,2016-03-21 15:16:38
36148545,36132719,2016-03-22 07:35:18
36178693,36154971,2016-03-23 12:49:37
36183493,36127510,2016-03-23 16:22:08
36250327,36249716,2016-03-27 17:24:16
36300150,36285329,2016-03-30 05:07:07
36357537,36344278,2016-04-01 13:23:36
36485746,36485084,2016-04-07 19:43:50
36563933,36563769,2016-04-12 04:57:38
36584067,36450108,2016-04-12 21:08:01
36772718,36763479,2016-04-21 14:31:25
36816601,36781843,2016-04-23 21:22:26
36820022,36260727,2016-04-24 06:30:22
36950208,36917948,2016-04-30 02:59:34
36968954,36967126,2016-05-01 16:22:44
37003425,37000397,2016-05-03 11:53:36
37198119,37183494,2016-05-12 21:56:26
37212991,37140987,2016-05-13 14:43:12
37228199,37228077,2016-05-14 15:00:35
37228218,37228027,2016-05-14 15:02:38
37255927,37250368,2016-05-16 14:08:37
37378876,37363883,2016-05-22 19:43:50
37409955,37375506,2016-05-24 09:46:39
37511658,37503141,2016-05-29 15:26:07
37538120,37519858,2016-05-31 06:15:35
37541187,37540703,2016-05-31 08:58:13
37552793,37418265,2016-05-31 18:10:10
35237286,35237226,2016-02-06 04:23:52
33091869,33091830,2015-10-12 23:38:59
33006711,32993148,2015-10-08 04:35:40
32974719,32884296,2015-10-06 16:13:01
31657926,31630745,2015-07-27 16:02:43
30944383,30937903,2015-06-19 17:53:00
30872172,30859824,2015-06-16 15:38:50
30017719,30016116,2015-05-03 18:28:28
29781576,29391016,2015-04-21 19:37:00
28845910,27568624,2015-03-04 02:57:40
28844298,28590690,2015-03-03 23:52:28
26226283,26193051,2014-10-06 23:13:28
35327300,35246826,2016-02-10 22:31:24
31858425,31609319,2015-08-06 14:28:45
35871511,35870839,2016-03-08 15:32:13
35145088,27987910,2016-02-02 04:31:32
33917558,33741912,2015-11-25 13:19:15
35851994,35851851,2016-03-07 19:12:12
35325647,35304901,2016-02-10 20:51:04
37671274,37520849,2016-06-07 05:36:24
37705346,37702759,2016-06-08 14:27:50
37729506,37728314,2016-06-09 14:56:24
37811031,37807158,2016-06-14 11:42:44
37915437,34948242,2016-06-20 05:57:16
37968630,37943572,2016-06-22 12:52:42
37971585,37812686,2016-06-22 14:51:52
38041388,37947524,2016-06-26 17:46:56
38046577,37805113,2016-06-27 05:39:27
38060560,37749862,2016-06-27 18:14:52
38115484,38077884,2016-06-30 06:29:36
38121201,38119062,2016-06-30 11:00:56
38290069,38189399,2016-07-10 08:30:23
38290105,37462268,2016-07-10 08:36:14
38583669,38563051,2016-07-26 07:31:51
38927256,38927230,2016-08-12 22:26:09
38976398,38632533,2016-08-16 13:34:13
38979354,38978361,2016-08-16 15:52:25
39073079,39016846,2016-08-22 07:00:06
39208183,31507547,2016-08-29 14:00:54
39289918,39104538,2016-09-02 10:13:59
39327742,39327655,2016-09-05 09:38:07
39656795,36110109,2016-09-23 09:01:53
39671497,39652384,2016-09-24 01:03:09
39786037,39785621,2016-09-30 07:31:05
39794560,39692921,2016-09-30 15:02:16
40008547,40007515,2016-10-12 21:21:00
40137429,40108999,2016-10-19 16:58:20
40242073,40234432,2016-10-25 14:00:12
40405444,40302499,2016-11-03 15:27:31
40807763,40798184,2016-11-25 15:02:05
41451124,41451123,2017-01-03 19:40:53
41629358,41185998,2017-01-13 07:23:17
41645796,41236871,2017-01-14 01:18:43
41686872,41686871,2017-01-16 23:50:22
41701996,41603082,2017-01-17 16:17:25
41842341,41614428,2017-01-25 02:16:45
41852811,41743792,2017-01-25 13:26:55
41917028,41916570,2017-01-29 02:21:35
41949944,41855344,2017-01-31 04:59:31
41981268,41032108,2017-02-01 13:41:08
41994181,41903982,2017-02-02 04:24:46
42018311,42017727,2017-02-03 06:47:19
42184341,42145256,2017-02-12 04:53:12
42462403,42458982,2017-02-25 22:36:27
42502264,42501472,2017-02-28 07:05:34
42540689,41303697,2017-03-01 19:48:19
42588631,42324035,2017-03-03 21:21:08
42686789,42685041,2017-03-09 04:32:14
42765641,42761075,2017-03-13 14:06:49
42828217,42827797,2017-03-16 07:53:48
42840536,42821093,2017-03-16 17:08:09
42911005,42865818,2017-03-20 18:12:42
42937050,42651900,2017-03-21 19:59:41
42940356,42924077,2017-03-21 23:55:31
42954095,42935110,2017-03-22 14:10:43
42958357,42938728,2017-03-22 17:10:29
42980688,42766263,2017-03-23 15:38:46
43002175,43001719,2017-03-24 14:32:08
43058090,42932714,2017-03-27 23:26:14
43080708,43079274,2017-03-28 21:59:11
43118788,43116934,2017-03-30 13:06:18
43126284,42844593,2017-03-30 18:58:43
43127500,43122520,2017-03-30 20:12:53
43151611,43150772,2017-04-01 00:55:36
43210378,43204424,2017-04-04 14:39:22
43253000,43164560,2017-04-06 10:49:28
43259627,43249220,2017-04-06 15:34:15
43280865,43278593,2017-04-07 14:37:48
43421161,43406111,2017-04-15 01:16:15
43452063,43323788,2017-04-17 13:03:32
43453388,43453078,2017-04-17 14:25:23
43486561,43451568,2017-04-19 04:43:03
43549512,43548780,2017-04-21 18:17:45
43684055,43651296,2017-04-28 15:40:31
43691982,43667018,2017-04-29 05:06:00
41011154,41010551,2016-12-07 06:53:22
40933356,40907303,2016-12-02 13:29:15
40837389,40714064,2016-11-28 04:51:43
40713966,40703961,2016-11-21 06:23:15
40607406,40577607,2016-11-15 10:25:02
40093660,40028165,2016-10-17 18:55:27
40037716,40018320,2016-10-14 07:46:39
40025404,39150834,2016-10-13 15:40:08
39944927,39941622,2016-10-09 14:51:38
39468956,39228377,2016-09-13 11:31:31
39258814,39251701,2016-08-31 20:53:32
38629138,38505336,2016-07-28 06:57:13
38607238,38500359,2016-07-27 08:05:18
42030285,39376560,2017-02-03 17:58:47
41139254,41136102,2016-12-14 09:40:21
40845482,40844351,2016-11-28 13:27:37
42270028,42228715,2017-02-16 09:36:45
42106607,42010405,2017-02-08 06:58:00
42062540,41902672,2017-02-06 07:38:02
41084814,41080045,2016-12-11 09:40:33
43761023,43576656,2017-05-03 13:08:46
43769251,43713402,2017-05-03 20:18:20
43774067,43762127,2017-05-04 04:45:09
43821644,43452978,2017-05-06 14:30:33
43846974,43805736,2017-05-08 11:53:52
43957951,43952943,2017-05-13 21:00:12
44031966,44030608,2017-05-17 18:05:08
44303072,44285641,2017-06-01 09:04:30
44383310,44371692,2017-06-06 06:59:06
44401950,44401088,2017-06-07 01:09:32
44416345,44416344,2017-06-07 15:03:41
44424838,44423753,2017-06-08 00:34:34
44426118,44409066,2017-06-08 03:24:41
44443380,44381879,2017-06-08 18:44:22
44473135,44462823,2017-06-10 12:05:59
44572725,44572056,2017-06-15 16:38:59
44594935,44594332,2017-06-16 17:29:06
44621791,44593469,2017-06-19 03:20:01
44665004,44639463,2017-06-21 00:28:02
44686789,44680769,2017-06-21 21:46:12
44779433,44367367,2017-06-27 11:42:53
44789074,44788368,2017-06-27 20:12:33
44911877,44909608,2017-07-04 18:01:14
44928569,44915792,2017-07-05 14:08:38
44943544,44932098,2017-07-06 08:25:12
45063490,45023053,2017-07-12 16:49:11
45065843,45065842,2017-07-12 19:15:23
45091578,45091099,2017-07-13 21:57:33
45110533,45106910,2017-07-14 19:42:56
45177169,45051055,2017-07-18 21:12:02
45201314,45200137,2017-07-19 21:26:30
45358113,45337137,2017-07-27 18:08:37
45381837,45375031,2017-07-28 20:23:36
45721373,45720464,2017-08-16 19:18:07
45988076,45986578,2017-08-31 18:39:09
45994422,45989971,2017-09-01 06:30:15
46002534,46001982,2017-09-01 14:32:33
46004831,46002510,2017-09-01 16:52:48
46070325,44881303,2017-09-06 08:28:58
46099403,46095110,2017-09-07 14:51:25
46160031,46120660,2017-09-11 16:11:30
46181604,46177828,2017-09-12 16:36:57
46208255,46193201,2017-09-13 23:27:37
46346667,46340959,2017-09-21 14:31:06
46498781,46486796,2017-09-30 01:38:47
46712599,46690216,2017-10-12 14:47:02
46800986,46799261,2017-10-18 00:12:49
46803428,46801674,2017-10-18 05:35:58
46812526,46797468,2017-10-18 14:25:07
46935400,45753090,2017-10-25 14:42:24
46936284,46900593,2017-10-25 15:22:20
47492332,47488544,2017-11-26 02:00:20
47518752,47460981,2017-11-27 19:50:51
47557224,47097272,2017-11-29 16:16:35
47651977,47625056,2017-12-05 11:00:55
47840630,47838705,2017-12-15 22:21:40
47984264,47840209,2017-12-26 22:15:23
48267500,48267427,2018-01-15 16:55:53
48483174,48438202,2018-01-28 04:31:53
48603753,48507471,2018-02-04 01:12:42
48985220,48365866,2018-02-26 09:32:35
49002443,48990264,2018-02-27 06:27:30
49056630,49056593,2018-03-01 18:45:28
49099320,49064183,2018-03-04 19:11:02
49124471,49006174,2018-03-06 06:14:55
49600781,31130629,2018-04-01 17:33:08
49676109,49665241,2018-04-05 15:23:55
49677404,49675637,2018-04-05 16:37:35
49677567,49673042,2018-04-05 16:47:04
49691185,49689216,2018-04-06 10:55:41
49721459,49582307,2018-04-08 18:45:15
49809088,49438903,2018-04-13 03:56:54
49826308,49826004,2018-04-13 23:21:40
49833875,49818134,2018-04-14 16:51:26
50088925,50068941,2018-04-29 16:33:54
50105061,50078161,2018-04-30 17:04:20
50109294,50032795,2018-04-30 23:01:07
50115155,50113374,2018-05-01 10:46:03
50134084,50133418,2018-05-02 11:54:13
50135037,50133056,2018-05-02 12:47:42
50160838,50158647,2018-05-03 17:30:55
50166136,50165669,2018-05-04 02:05:46
50202932,49320679,2018-05-06 18:02:33
50202958,49586005,2018-05-06 18:04:52
50235492,50219664,2018-05-08 13:59:56
50247421,50209284,2018-05-09 07:06:58
50300373,50271174,2018-05-11 21:15:55
50312335,50303607,2018-05-13 02:52:10
50356165,50352412,2018-05-15 17:31:40
50413288,50334735,2018-05-18 14:14:47
50413344,50281188,2018-05-18 14:17:53
50415409,50414639,2018-05-18 16:11:16
50423946,49438358,2018-05-19 09:52:31
50428761,50418501,2018-05-19 19:29:38
50440865,50439489,2018-05-21 01:22:38
50475779,50473170,2018-05-22 20:13:04
50584617,50576929,2018-05-29 12:37:49
50646458,50514817,2018-06-01 15:11:30
50684081,50669991,2018-06-04 15:31:01
50883011,50872338,2018-06-15 21:41:54
51052851,50985138,2018-06-27 00:04:50
51065201,51064366,2018-06-27 14:19:18
51086481,51086377,2018-06-28 15:20:30
51086609,50983316,2018-06-28 15:27:11
51099116,51088145,2018-06-29 09:57:58
51141667,50993858,2018-07-02 18:12:50
51141771,51117133,2018-07-02 18:19:26
51144455,51110274,2018-07-02 22:32:04
51144800,51137973,2018-07-02 23:23:37
51149875,51149079,2018-07-03 08:24:40
51257922,51238413,2018-07-10 05:41:16
51273498,50732094,2018-07-10 20:34:02
51277035,51272746,2018-07-11 03:58:25
51297274,50049928,2018-07-12 04:22:35
51297369,51288629,2018-07-12 04:34:59
51311703,51293471,2018-07-12 17:48:25
51313052,50508217,2018-07-12 19:23:35
51314348,51305956,2018-07-12 20:57:45
51317676,51183169,2018-07-13 04:30:53
51341104,50675708,2018-07-14 16:02:52
51370707,51365850,2018-07-16 22:05:53
51383721,51335594,2018-07-17 14:17:19
51402839,51391639,2018-07-18 13:07:32
51431050,51430645,2018-07-19 20:14:57
51449269,50441181,2018-07-20 19:32:06
51451308,51450610,2018-07-20 22:51:44
51510952,51488308,2018-07-25 04:43:38
51518906,51517103,2018-07-25 12:27:51
51540985,51198775,2018-07-26 14:13:52
51566507,51549048,2018-07-27 22:56:32
51622468,51622144,2018-07-31 21:38:01
51628484,49016896,2018-08-01 08:17:45
50876324,50870166,2018-06-15 13:09:37
50336893,50334563,2018-05-14 18:36:11
50333288,50302810,2018-05-14 14:52:02
50055668,50035628,2018-04-27 05:17:04
50006839,50003050,2018-04-24 16:37:20
49985763,49977679,2018-04-23 16:25:22
49549520,49548422,2018-03-29 06:37:55
49390914,49374476,2018-03-20 17:43:01
49370397,49365900,2018-03-19 18:53:49
49330074,49112204,2018-03-16 21:58:07
49276402,49130977,2018-03-14 11:19:15
49214427,49103679,2018-03-10 21:57:41
49202490,49168673,2018-03-09 21:36:14
48883665,48879595,2018-02-20 10:57:07
48849691,48158545,2018-02-18 08:10:29
48813008,48539564,2018-02-15 17:26:35
48687026,48650152,2018-02-08 13:46:57
48378719,48197524,2018-01-22 09:53:28
48375741,48310237,2018-01-22 06:28:10
48267804,48264656,2018-01-15 17:16:02
48130011,47847736,2018-01-06 17:35:39
48087578,48087407,2018-01-04 01:43:00
47984882,47946790,2017-12-26 23:55:00
47945017,47778076,2017-12-22 17:07:27
47879940,47735839,2017-12-19 04:14:26
47602126,31863977,2017-12-01 22:04:43
46993016,46965383,2017-10-28 18:22:47
46977493,46963846,2017-10-27 14:32:20
46916413,46898565,2017-10-24 17:18:19
46832298,46823434,2017-10-19 14:27:11
46679864,46671944,2017-10-11 04:28:10
46634044,46615264,2017-10-08 17:35:12
46543840,46543320,2017-10-03 11:45:39
46538868,46523924,2017-10-03 07:03:59
46535860,46379932,2017-10-03 01:13:53
46518418,46500756,2017-10-02 01:19:53
46232963,46222606,2017-09-15 06:21:53
46133533,46132850,2017-09-09 17:53:27
45947553,45889273,2017-08-29 20:06:52
45908414,45576092,2017-08-27 19:08:42
45901289,45892583,2017-08-27 02:47:10
45890363,45887073,2017-08-25 22:58:18
45888389,45868971,2017-08-25 19:38:45
45847177,45243527,2017-08-23 18:40:24
45842707,45840665,2017-08-23 14:35:30
45840109,45828620,2017-08-23 12:44:07
45813644,45796489,2017-08-22 09:21:27
45812333,45009184,2017-08-22 08:14:14
45809077,45783285,2017-08-22 04:48:11
45804013,45582412,2017-08-21 19:04:16
45776607,45776128,2017-08-19 21:53:36
45749576,45558337,2017-08-18 06:06:36
45735203,45328657,2017-08-17 12:31:05
45722714,45662282,2017-08-16 20:45:37
45713241,45705252,2017-08-16 12:11:57
45642669,45641474,2017-08-11 19:39:54
45604793,45600567,2017-08-10 04:57:49
45603557,45603305,2017-08-10 02:38:24
45552187,45550629,2017-08-07 17:06:41
45516178,45511942,2017-08-04 22:12:48
45240523,45234155,2017-07-21 14:43:41
50983632,50924494,2018-06-22 08:18:26
50973526,50954802,2018-06-21 16:34:37
51660654,51560452,2018-08-02 19:11:15
51684303,51668053,2018-08-04 09:35:26
51745715,51722555,2018-08-08 11:34:33
51790507,51698373,2018-08-10 16:21:59
51792877,51790720,2018-08-10 19:20:24
51793118,51792005,2018-08-10 19:39:04
51806501,51803032,2018-08-12 06:59:37
51819406,51817494,2018-08-13 09:39:42
51828794,51710241,2018-08-13 18:50:28
51846290,51725489,2018-08-14 16:49:55
51851577,51702359,2018-08-15 00:59:57
51880661,51780562,2018-08-16 15:31:53
51904108,51888996,2018-08-17 23:57:46
51954073,51858379,2018-08-21 17:43:00
52002052,51968742,2018-08-24 10:02:05
52003888,52003180,2018-08-24 11:51:59
52004682,51589403,2018-08-24 12:37:13
52010762,52010761,2018-08-24 19:39:35
52055099,52032535,2018-08-28 09:59:03
52066669,52053776,2018-08-28 21:51:17
52075215,52055933,2018-08-29 10:27:45
52075964,52070950,2018-08-29 11:06:41
52158345,52157855,2018-09-04 03:20:16
52282756,52244963,2018-09-11 19:13:14
52333511,52317237,2018-09-14 13:56:57
52362807,52354671,2018-09-17 07:32:55
52369384,52278613,2018-09-17 13:52:18
52383850,52294404,2018-09-18 09:53:44
52396536,52359397,2018-09-19 01:03:03
52396607,52360540,2018-09-19 01:14:42
52411769,52404879,2018-09-19 18:03:30
52489197,52100549,2018-09-25 01:00:58
52507501,52370381,2018-09-25 22:32:47
52532207,52532078,2018-09-27 08:01:48
52549559,52537861,2018-09-28 06:28:18
52588553,52588354,2018-10-01 09:53:33
52606794,52575449,2018-10-02 10:45:26
52643287,52632388,2018-10-04 09:22:37
52644212,52603929,2018-10-04 10:15:58
52748079,52705769,2018-10-10 20:12:16
52810390,52807787,2018-10-15 05:48:10
52821433,52762367,2018-10-15 16:57:52
52823515,51533650,2018-10-15 19:27:34
52850290,52844431,2018-10-17 08:19:37
52853464,52664415,2018-10-17 11:10:04
52864930,52684987,2018-10-17 23:26:48
52866406,52847777,2018-10-18 03:06:33
52896212,52876202,2018-10-19 16:10:56
52944464,52940677,2018-10-23 08:27:49
52953000,52819122,2018-10-23 15:41:31
53020100,52871630,2018-10-27 08:34:28
53059130,52857309,2018-10-30 07:15:11
53129356,53087851,2018-11-03 07:32:59
53165954,53165953,2018-11-06 04:57:19
53170257,53143396,2018-11-06 10:41:58
53234247,53105741,2018-11-09 22:48:11
53266856,53125108,2018-11-12 17:02:25
53285949,53259647,2018-11-13 16:55:19
53347423,53224172,2018-11-17 01:36:42
53453394,53182436,2018-11-23 22:07:36
53453401,53423061,2018-11-23 22:08:24
53476451,49604773,2018-11-26 07:28:51
53488618,53280902,2018-11-26 20:32:53
53489851,53488870,2018-11-26 22:07:03
53534178,53533434,2018-11-29 07:51:11
53555742,51933366,2018-11-30 10:32:45
53588176,53588040,2018-12-03 05:52:05
53607200,53595157,2018-12-04 06:51:45
53635827,53586515,2018-12-05 15:40:16
53706796,53700018,2018-12-10 13:34:16
53717457,53408927,2018-12-11 04:39:07
53723588,53703191,2018-12-11 11:49:52
53725466,53701951,2018-12-11 13:47:05
53733743,53636589,2018-12-11 23:11:17
53734837,53717284,2018-12-12 01:31:48
53754067,53753367,2018-12-13 02:05:44
53789373,53789057,2018-12-15 03:53:43
53799724,52415136,2018-12-16 05:36:40
53813096,53791461,2018-12-17 10:18:09
53819136,51853249,2018-12-17 16:20:24
53847753,53717800,2018-12-19 09:02:47
53853913,53797757,2018-12-19 15:02:37
53891090,53809556,2018-12-21 21:43:22
53892198,53891907,2018-12-22 00:40:31
53910009,53908529,2018-12-24 06:38:18
53921063,53872444,2018-12-25 09:31:15
53985934,53952110,2018-12-31 09:44:01
54004317,54003442,2019-01-02 10:00:09
54034372,54034172,2019-01-04 06:59:03
54036391,54026623,2019-01-04 09:43:01
54079366,53849650,2019-01-07 17:52:22
54096125,54003052,2019-01-08 16:41:37
54201141,54200444,2019-01-15 14:42:54
54206403,54193723,2019-01-15 20:32:38
54221824,54154455,2019-01-16 16:55:53
54223416,54172907,2019-01-16 18:44:23
54223608,53770876,2019-01-16 18:59:52
54230572,54184145,2019-01-17 06:59:37
54242871,53697587,2019-01-17 19:20:19
54250455,54224934,2019-01-18 08:53:59
54261434,54216721,2019-01-18 21:06:16
54261491,54049025,2019-01-18 21:11:36
54269383,54268970,2019-01-19 17:02:45
54315801,54254830,2019-01-22 20:13:31
54324717,54319471,2019-01-23 10:08:22
54328689,54314876,2019-01-23 13:43:41
54328765,54295445,2019-01-23 13:48:10
54336588,54334462,2019-01-23 22:20:26
54415960,53731005,2019-01-29 07:35:19
54416736,54408673,2019-01-29 08:30:03
54428809,54143127,2019-01-29 20:05:29
54432762,54432761,2019-01-30 02:58:11
54449776,54393158,2019-01-30 21:25:25
54467283,54465049,2019-01-31 18:44:45
54524071,54521080,2019-02-04 20:46:42
54545259,53213596,2019-02-06 00:55:31
54557946,54557783,2019-02-06 16:13:03
54593827,54557022,2019-02-08 13:49:45
54616314,54171261,2019-02-10 12:22:10
54624707,54622191,2019-02-11 05:57:43
54626658,54558832,2019-02-11 08:40:48
54638360,54485769,2019-02-11 20:10:25
54638400,54462105,2019-02-11 20:12:56
54661274,54629890,2019-02-13 01:44:56
54713932,54671841,2019-02-15 17:03:41
54728825,54715601,2019-02-16 23:54:22
54742893,54706312,2019-02-18 08:12:16
54787238,54757598,2019-02-20 13:15:17
54798034,54797698,2019-02-21 01:54:42
54817936,54653359,2019-02-21 23:40:34
54826654,54825390,2019-02-22 12:00:36
54857320,54556538,2019-02-24 22:48:38
54890950,54638364,2019-02-26 17:22:56
54899702,54759647,2019-02-27 06:55:38
54931417,54931270,2019-02-28 17:45:26
54952503,54924835,2019-03-01 21:23:45
54974421,54760032,2019-03-03 22:30:07
55022751,55020361,2019-03-06 12:05:50
55044766,55020390,2019-03-07 13:17:35
55047303,54799512,2019-03-07 15:24:59
55052209,54796762,2019-03-07 20:22:05
55105707,55070396,2019-03-11 15:54:55
55111178,54992434,2019-03-11 22:11:47
55114480,55112494,2019-03-12 05:02:06
55154085,55067802,2019-03-14 02:31:54
55158002,55151159,2019-03-14 08:32:47
55270524,55257580,2019-03-20 21:32:54
55270602,55132599,2019-03-20 21:40:34
55281703,55277334,2019-03-21 13:37:23
55288200,55285043,2019-03-21 19:44:15
55305635,55147861,2019-03-22 18:16:22
55385182,55353889,2019-03-27 19:34:49
55401024,55007190,2019-03-28 15:11:31
55408672,55347910,2019-03-29 00:06:58
55422743,55158307,2019-03-29 17:29:58
55461578,55459903,2019-04-01 18:38:23
55529444,55525445,2019-04-05 06:29:53
55543162,55401214,2019-04-05 20:48:29
55545133,55531608,2019-04-06 01:39:34
55551756,55551617,2019-04-06 17:38:59
55553190,55376406,2019-04-06 20:28:11
55572785,55371858,2019-04-08 11:49:18
55637650,55621967,2019-04-11 16:54:55
55639028,55580232,2019-04-11 18:28:36
55647486,55645119,2019-04-12 08:29:21
55657256,55527489,2019-04-12 17:56:30
55676460,55674959,2019-04-14 14:38:45
55713804,55410462,2019-04-16 17:39:40
55734127,55731954,2019-04-17 18:44:51
55749032,53660590,2019-04-18 15:14:43
55766862,55752427,2019-04-19 19:25:34
55777420,55769759,2019-04-20 20:20:50
55823315,55821963,2019-04-24 06:01:53
55840157,55840023,2019-04-25 00:16:35
55845300,55837639,2019-04-25 08:49:30
55857185,55844248,2019-04-25 20:31:03
55873467,55829940,2019-04-26 18:52:32
55880032,55868121,2019-04-27 11:19:46
55920737,55479366,2019-04-30 12:13:03
55933267,55854377,2019-05-01 08:07:25
55940836,55892554,2019-05-01 18:24:23
55942927,55941720,2019-05-01 21:28:02
55979955,55964972,2019-05-04 06:04:06
56011913,55987935,2019-05-06 20:21:30
56032375,55822637,2019-05-08 01:32:42
56035514,56024354,2019-05-08 07:20:39
56055667,56021977,2019-05-09 08:52:09
56090820,56046428,2019-05-11 13:32:46
56098818,56055868,2019-05-12 11:32:51
56134388,56134165,2019-05-14 15:57:02
56174913,56116926,2019-05-16 18:52:27
56247259,56240481,2019-05-21 22:53:14
56266600,56260720,2019-05-23 00:27:00
56277411,56255154,2019-05-23 14:25:59
56286144,56285351,2019-05-24 05:04:26
56302668,56202697,2019-05-25 07:19:16
56314197,56308169,2019-05-26 14:02:37
56322505,56287936,2019-05-27 08:40:51
56341274,56341012,2019-05-28 11:32:03
56356107,56351452,2019-05-29 08:23:47
56400590,56353814,2019-05-31 19:12:00
56413780,56322632,2019-06-02 09:23:43
56414728,56411563,2019-06-02 11:50:32
56414804,56408976,2019-06-02 12:00:44
56427990,56422325,2019-06-03 13:02:56
56435992,56083148,2019-06-04 00:29:38
56452839,56024351,2019-06-05 00:19:29
56465875,56456463,2019-06-05 18:09:37
56469672,56467434,2019-06-06 00:42:46
56490474,56450223,2019-06-07 08:15:14
56490724,56418684,2019-06-07 08:31:09
56490951,56364828,2019-06-07 08:46:54
56493627,56466592,2019-06-07 11:38:55
56502031,56497428,2019-06-07 22:58:18
56538488,56525510,2019-06-11 07:21:04
56583967,56302743,2019-06-13 15:32:21
56602995,56469341,2019-06-14 17:47:36
56605034,56604989,2019-06-14 20:57:49
56647327,56494402,2019-06-18 10:42:34
56674565,56666667,2019-06-19 19:23:53
56700912,56700687,2019-06-21 09:46:43
56721869,56721821,2019-06-23 07:27:34
56738324,56728230,2019-06-24 14:04:57
56760939,56740609,2019-06-25 19:38:06
56778165,56773989,2019-06-26 17:24:45
56787734,56500704,2019-06-27 09:13:57
56791381,56740984,2019-06-27 12:48:06
56799946,56799763,2019-06-28 01:20:44
56808402,56647549,2019-06-28 14:02:54
56820527,56818280,2019-06-29 20:02:17
56820897,56818930,2019-06-29 21:10:49
56827363,56771758,2019-06-30 19:05:41
56852289,56848293,2019-07-02 12:17:30
56865835,56835306,2019-07-03 08:22:00
56873265,56863907,2019-07-03 15:14:42
56887203,56851463,2019-07-04 11:42:23
56929136,56558892,2019-07-08 06:01:29
56934148,56558552,2019-07-08 11:40:40
56935602,56927813,2019-07-08 13:05:49
56936097,56854482,2019-07-08 13:34:56
56958837,56859324,2019-07-09 18:41:01
56970043,56969859,2019-07-10 11:44:36
56972272,56967364,2019-07-10 13:54:24
56972899,56952741,2019-07-10 14:27:23
56979812,56957206,2019-07-10 23:27:53
57002829,56984854,2019-07-12 08:12:07
57005003,56854066,2019-07-12 10:20:02
57018959,57017876,2019-07-13 11:59:28
57047661,57047579,2019-07-15 21:55:53
57085164,57074382,2019-07-17 23:22:54
57091955,57032981,2019-07-18 10:01:56
57128286,57126765,2019-07-20 20:22:10
57160292,57147396,2019-07-23 08:55:05
57169027,57164290,2019-07-23 17:01:08
57169664,57127689,2019-07-23 17:48:18
57185418,57172147,2019-07-24 14:34:18
57188231,57132106,2019-07-24 17:21:12
57225350,57213293,2019-07-26 18:27:55
57240769,57212696,2019-07-28 12:10:13
57243397,57242692,2019-07-28 17:33:06
57244037,57243583,2019-07-28 18:55:23
57247935,57199472,2019-07-29 06:02:35
57273227,57010184,2019-07-30 13:44:54
57324649,57273357,2019-08-02 10:28:09
57328572,57064819,2019-08-02 14:32:43
57353082,57347278,2019-08-05 06:16:50
57389110,57386269,2019-08-07 07:31:15
57390387,57379173,2019-08-07 08:46:16
57402921,57397150,2019-08-07 22:16:53
57418847,56455761,2019-08-08 18:37:38
57418981,57405022,2019-08-08 18:48:36
57421284,57403281,2019-08-08 22:14:34
57447588,57436140,2019-08-11 05:38:27
57479572,57471129,2019-08-13 14:10:12
57484823,57483440,2019-08-13 20:21:47
57484874,57431340,2019-08-13 20:26:43
57503831,57500954,2019-08-15 01:23:49
57511236,57488496,2019-08-15 14:31:22
57525918,57479389,2019-08-16 13:56:13
57531262,57526707,2019-08-16 21:18:45
57552797,57488706,2019-08-19 08:14:31
57561392,56861525,2019-08-19 17:25:46
57579012,57578332,2019-08-20 17:44:18
57580682,55509207,2019-08-20 19:51:57
57581935,57500105,2019-08-20 21:47:19
57586000,57508382,2019-08-21 06:53:51
57598796,57596224,2019-08-21 20:27:54
57665110,57660058,2019-08-26 21:23:08
57762933,57724414,2019-09-02 21:41:06
57809314,57808963,2019-09-05 16:07:12
57814156,57811873,2019-09-05 23:49:07
57829754,57819173,2019-09-07 00:20:55
57830593,57661142,2019-09-07 04:07:48
57859531,57854136,2019-09-09 18:37:20
57911797,57896195,2019-09-12 17:26:46
57920151,57892580,2019-09-13 08:42:37
57952974,57923187,2019-09-16 08:24:09
57955177,57946451,2019-09-16 10:43:56
57966362,57915603,2019-09-17 01:52:47
57967291,57966851,2019-09-17 04:18:09
57970562,57968208,2019-09-17 08:46:41
57975364,57966245,2019-09-17 13:30:43
57977973,57971689,2019-09-17 15:56:27
58044925,58040933,2019-09-21 23:35:21
58063739,58060865,2019-09-23 13:36:39
58076895,58076263,2019-09-24 09:14:17
58081888,58031370,2019-09-24 13:52:55
58102579,58035744,2019-09-25 16:11:01
58146087,58110595,2019-09-28 11:58:54
58179143,58150368,2019-10-01 06:27:41
58214626,58213125,2019-10-03 07:51:11
58308116,58278844,2019-10-09 16:04:02
58310995,58292566,2019-10-09 19:27:22
58314078,58307950,2019-10-10 01:05:28
58391776,53609409,2019-10-15 09:46:13
58404585,57857726,2019-10-16 01:35:51
58455151,58377444,2019-10-18 16:52:16
58615164,58601697,2019-10-29 20:44:54
58633479,58600732,2019-10-30 20:52:32
58674728,58646871,2019-11-02 19:46:52
58691478,58592206,2019-11-04 10:26:48
58696115,58691120,2019-11-04 15:07:15
58749320,58325923,2019-11-07 12:59:51
58753297,58301879,2019-11-07 16:37:35
58756308,58755708,2019-11-07 20:16:02
58822132,58652233,2019-11-12 15:49:19
58832363,58815367,2019-11-13 07:40:07
58838806,58802366,2019-11-13 14:00:26
58842224,52437599,2019-11-13 17:08:24
58894446,58345935,2019-11-16 19:31:39
58906510,58906453,2019-11-18 00:20:23
58920437,58892606,2019-11-18 18:00:08
58920521,58885873,2019-11-18 18:06:52
58924697,57291797,2019-11-18 23:59:28
58995609,58992447,2019-11-22 13:47:30
59002763,58985124,2019-11-22 22:49:29
59007539,59007538,2019-11-23 12:20:12
59048434,58671450,2019-11-26 10:09:49
59059466,59046257,2019-11-26 21:18:16
59076977,56870285,2019-11-27 19:05:45
59133816,59069043,2019-12-02 06:42:04
59145584,59145582,2019-12-02 19:37:00
59213104,59176241,2019-12-06 12:24:12
59213483,59201775,2019-12-06 12:48:22
59240475,59238265,2019-12-08 22:27:38
59326556,58956459,2019-12-13 16:37:32
59349953,59349805,2019-12-16 02:46:24
59356107,59328925,2019-12-16 11:53:02
59383733,59150100,2019-12-17 23:52:25
59419604,59392060,2019-12-20 03:50:12
59454463,59446807,2019-12-23 11:21:55
59465813,59464404,2019-12-24 08:15:50
59466911,59430560,2019-12-24 09:51:31
59474266,59194004,2019-12-25 00:04:03
59486545,59386244,2019-12-26 09:42:08
59569185,59517355,2020-01-02 19:50:37
59694422,58933565,2020-01-11 12:33:03
59789014,59648275,2020-01-17 14:08:07
59789909,59762829,2020-01-17 15:03:32
59869802,59773167,2020-01-22 23:47:09
59876371,59864823,2020-01-23 10:28:59
59883967,59882941,2020-01-23 17:17:27
59889346,59881727,2020-01-24 01:38:28
60099034,60072981,2020-02-06 15:59:31
60103666,60103606,2020-02-06 21:18:55
60156371,60156370,2020-02-10 18:31:36
60234772,60197897,2020-02-14 23:39:55
60234841,60190365,2020-02-14 23:54:16
60266473,60265992,2020-02-17 16:18:12
60303889,60303714,2020-02-19 15:34:56
60346880,60334889,2020-02-21 22:12:37
60353322,60341782,2020-02-22 14:47:24
60366262,60365473,2020-02-23 19:57:47
60378633,60342645,2020-02-24 15:03:17
60381962,60380154,2020-02-24 18:30:06
60385894,59091944,2020-02-25 00:24:13
60387955,60000573,2020-02-25 05:20:36
60406190,60397252,2020-02-26 03:11:50
60441403,60429339,2020-02-27 20:38:12
60508821,60490195,2020-03-03 13:55:58
60512298,60506398,2020-03-03 17:07:50
60532320,60525454,2020-03-04 18:14:24
60540183,60539094,2020-03-05 07:30:58
60564614,60529048,2020-03-06 13:00:35
60564784,60554471,2020-03-06 13:11:44
60603667,60597319,2020-03-09 15:26:38
60609215,60573260,2020-03-09 22:33:10
60622713,60037376,2020-03-10 17:15:47
60623517,60619460,2020-03-10 18:06:36
60628585,60562966,2020-03-11 02:52:07
60645259,60644771,2020-03-11 22:30:47
60651192,60637170,2020-03-12 09:36:25
60653959,60636558,2020-03-12 12:14:16
60659819,43892213,2020-03-12 18:17:33
60677213,60638587,2020-03-13 21:02:44
60705022,60643094,2020-03-16 11:20:57
60705311,60668635,2020-03-16 11:40:13
60721885,60707641,2020-03-17 11:53:25
60726481,60712225,2020-03-17 16:31:44
60729810,60718452,2020-03-17 20:32:51
60742184,60740522,2020-03-18 15:01:33
60742917,60716202,2020-03-18 15:42:56
60744596,60667610,2020-03-18 17:25:58
60745148,60641337,2020-03-18 18:03:05
60781187,60778546,2020-03-20 20:23:55
60803476,60801292,2020-03-22 18:40:12
60827088,60826366,2020-03-24 08:10:43
60827946,60816944,2020-03-24 09:11:16
60869104,60088889,2020-03-26 14:05:13
60877213,60868257,2020-03-26 22:32:27
60955242,60953289,2020-03-31 16:22:40
60976337,60892850,2020-04-01 17:00:37
60976540,60975078,2020-04-01 17:12:16
60530990,60523435,2020-03-04 16:49:44
60482892,60405600,2020-03-02 05:15:37
60331869,60331084,2020-02-21 03:38:14
60330160,58487710,2020-02-20 23:40:07
60307627,60306240,2020-02-19 19:12:54
60199351,59956042,2020-02-13 01:48:23
60165089,60163614,2020-02-11 09:00:05
60162285,60159875,2020-02-11 05:00:45
60154539,60036916,2020-02-10 16:30:36
60154285,60151965,2020-02-10 16:15:54
60133607,60078143,2020-02-09 05:00:38
60132420,56942046,2020-02-09 00:11:29
60130411,60127972,2020-02-08 19:30:14
60130351,60122070,2020-02-08 19:23:03
60067490,60067075,2020-02-05 00:36:40
60049246,59983062,2020-02-04 01:08:51
60047166,60045326,2020-02-03 21:07:16
60009024,60006106,2020-01-31 17:58:06
59939687,59890328,2020-01-27 22:17:10
59928976,59921196,2020-01-27 10:11:23
59927444,57189292,2020-01-27 08:31:38
59924551,59873804,2020-01-27 02:18:45
59908752,59863842,2020-01-25 11:25:18
59866535,59856641,2020-01-22 18:56:59
59834564,59829017,2020-01-21 05:17:29
59833818,59833019,2020-01-21 03:29:39
59820375,59801874,2020-01-20 09:33:25
59777366,59773503,2020-01-16 20:30:04
59773189,59717227,2020-01-16 15:42:48
59722803,59711677,2020-01-13 19:15:05
59695756,59599721,2020-01-11 15:22:27
59695729,59615549,2020-01-11 15:18:43
59695641,59679192,2020-01-11 15:08:53
59672893,59653641,2020-01-09 22:14:16
59658693,59577521,2020-01-09 06:59:22
59640602,59637596,2020-01-08 06:39:03
59500105,59367321,2019-12-27 11:27:07
59415019,59412213,2019-12-19 18:19:55
59292863,59249245,2019-12-11 19:36:04
59263317,58995329,2019-12-10 08:50:01
59197744,59150465,2019-12-05 14:53:16
59197599,59196919,2019-12-05 14:44:53
59186484,58989610,2019-12-05 00:24:45
59096925,59088199,2019-11-28 22:49:48
58959140,58952962,2019-11-20 16:31:15
58943366,58943117,2019-11-19 21:51:31
58932992,58879596,2019-11-19 11:25:55
58932857,58801976,2019-11-19 11:18:40
58882478,58816515,2019-11-15 18:06:07
58806988,58806807,2019-11-11 18:44:41
58792003,58666136,2019-11-10 19:05:41
58716132,58659160,2019-11-05 17:01:58
58663275,56701139,2019-11-01 17:18:24
58643527,58541794,2019-10-31 12:38:13
58546809,58194899,2019-10-24 17:57:09
58542946,58541260,2019-10-24 13:54:37
58523923,58500807,2019-10-23 13:25:18
58383799,55992973,2019-10-14 20:39:49
58332541,58234777,2019-10-11 00:00:25
58327595,58323029,2019-10-10 16:46:03
58290950,58188104,2019-10-08 17:04:23
58278470,58177548,2019-10-07 23:51:14
58238824,58237749,2019-10-04 14:56:53
58164544,58163305,2019-09-30 08:57:26
58159408,57987999,2019-09-29 21:39:34
58121517,58117200,2019-09-26 16:56:32
58020935,58019308,2019-09-20 02:14:46
58019147,58018893,2019-09-19 21:28:42
58014202,57978333,2019-09-19 15:16:28
57991106,57908395,2019-09-18 10:54:26
57931369,57692681,2019-09-13 23:37:02
57810735,57806505,2019-09-05 17:51:56
57796296,57396212,2019-09-04 22:22:31
57788209,57759556,2019-09-04 12:15:01
57771934,50611864,2019-09-03 12:37:54
57765228,57765164,2019-09-03 04:53:36
57732305,57522553,2019-08-30 19:28:52
57731696,57716459,2019-08-30 18:33:30
57685377,57655516,2019-08-28 05:05:57
57643650,57622122,2019-08-25 06:07:36
57626080,57601733,2019-08-23 12:10:40
57618361,56857709,2019-08-23 00:06:47
57610706,57600154,2019-08-22 13:40:55
60181177,60180314,2020-02-12 04:30:02
60172932,60160773,2020-02-11 16:01:32
60439473,60434642,2020-02-27 18:20:41
60989443,60978808,2020-04-02 10:28:00
61002796,60903256,2020-04-02 23:26:08
61020847,61010532,2020-04-03 21:41:47
61055036,60929678,2020-04-06 07:40:24
61063412,61008435,2020-04-06 15:35:18
61092974,61091659,2020-04-08 03:43:18
61095301,61087568,2020-04-08 07:22:19
61117139,61052173,2020-04-09 08:39:09
61120785,61089001,2020-04-09 12:06:32
61121652,59642900,2020-04-09 12:53:57
61150293,61090530,2020-04-10 23:44:37
61167204,61094767,2020-04-12 05:21:09
61169003,61168984,2020-04-12 08:55:59
61178682,61177696,2020-04-12 21:52:45
61199336,61179076,2020-04-14 01:25:31
61213559,61212875,2020-04-14 17:21:05
61214016,61181955,2020-04-14 17:50:13
61231952,61121418,2020-04-15 14:59:15
61247086,61245284,2020-04-16 09:36:01
61257546,61240809,2020-04-16 18:35:22
61265123,61059996,2020-04-17 06:06:31
61281810,61279914,2020-04-17 22:35:56
61338052,61184895,2020-04-21 07:24:54
61352049,61351024,2020-04-21 19:52:17
61364958,60577308,2020-04-22 12:19:12
61376902,61225077,2020-04-22 23:37:30
61403202,61392212,2020-04-24 07:23:49
61405122,61377643,2020-04-24 09:24:49
61416003,61415793,2020-04-24 19:27:12
61429860,60787646,2020-04-25 17:37:11
61475577,61464960,2020-04-28 08:13:01
61476223,61389632,2020-04-28 08:50:49
61550523,61550297,2020-05-01 20:43:38
61553326,61481147,2020-05-02 01:27:08
61586773,61380051,2020-05-04 07:02:18
61610931,61258979,2020-05-05 10:25:59
61620970,61615566,2020-05-05 19:01:35
61655193,61631687,2020-05-07 10:10:23
61686291,61683506,2020-05-08 19:04:47
61740160,61740109,2020-05-11 22:01:03
61805863,61803031,2020-05-14 19:28:31
61812903,60720060,2020-05-15 06:15:03
61848735,61751131,2020-05-17 08:03:45
61861467,61832086,2020-05-18 02:23:32
61913117,61890322,2020-05-20 12:26:29
61916191,61870000,2020-05-20 14:53:01
61961397,61626392,2020-05-22 18:15:23
61984416,61984217,2020-05-24 10:09:54
61987234,61987233,2020-05-24 14:13:56
61998211,61958473,2020-05-25 08:02:45
62009529,62007961,2020-05-25 19:39:18
62021353,61997914,2020-05-26 11:41:48
62037474,61994821,2020-05-27 07:18:11
62140638,62140446,2020-06-01 20:37:38
62152348,62137347,2020-06-02 12:45:32
62162559,62141490,2020-06-02 22:44:21
62176618,62171724,2020-06-03 15:25:55
62200269,62170192,2020-06-04 17:04:16
62218361,62094204,2020-06-05 15:00:13
62239946,62235365,2020-06-07 01:37:03
62245005,62189103,2020-06-07 12:02:00
62247186,62180798,2020-06-07 14:56:47
62297970,62296590,2020-06-10 07:24:21
62310475,62310010,2020-06-10 18:21:40
62339171,62336002,2020-06-12 07:03:05
62342317,62314939,2020-06-12 10:26:02
62378949,62320331,2020-06-14 22:27:30
62382471,62189492,2020-06-15 06:23:03
62397535,62111580,2020-06-15 21:46:02
62426945,62057838,2020-06-17 10:33:31
62442849,62441146,2020-06-18 05:17:16
62470874,62313532,2020-06-19 12:59:49
62476220,62457880,2020-06-19 18:10:02
62477469,62433812,2020-06-19 19:39:12
62477844,62407943,2020-06-19 20:06:47
62480976,61454181,2020-06-20 02:32:12
62525998,62422682,2020-06-23 01:37:54
62535280,62515398,2020-06-23 12:56:43
62576453,62187748,2020-06-25 13:26:00
62588813,62541587,2020-06-26 05:52:54
62646350,62614143,2020-06-29 20:41:20
62652238,62319753,2020-06-30 07:22:18
62652613,61074798,2020-06-30 07:46:24
62657388,62343056,2020-06-30 12:23:32
62660771,62602435,2020-06-30 15:18:34
62663804,62462790,2020-06-30 18:19:11
62664173,62623166,2020-06-30 18:43:45
62697100,62696966,2020-07-02 13:07:47
62697848,61980244,2020-07-02 13:47:18
62719746,62701556,2020-07-03 16:57:00
62734254,62734059,2020-07-04 20:43:32
62749104,62711259,2020-07-06 04:08:45
62776775,62765658,2020-07-07 13:47:19
62779433,62002183,2020-07-07 16:06:22
62783530,62737008,2020-07-07 20:37:11
62783682,62780977,2020-07-07 20:47:43
62802946,62557113,2020-07-08 20:14:36
62816770,62815426,2020-07-09 14:08:28
62827895,62734994,2020-07-10 05:34:20
62851906,62844211,2020-07-11 16:38:36
62860719,62860539,2020-07-12 11:50:03
62861709,62816326,2020-07-12 13:31:06
62880170,62856049,2020-07-13 16:28:50
62881049,62841756,2020-07-13 17:24:30
62901468,62886435,2020-07-14 18:13:46
62926575,62919671,2020-07-16 02:37:49
62953400,62778020,2020-07-17 11:52:54
62958369,62949488,2020-07-17 16:45:39
62980512,62980380,2020-07-19 12:49:45
62988722,62889537,2020-07-20 04:33:43
62998014,57544237,2020-07-20 14:48:59
63133627,63128111,2020-07-28 11:58:39
63134065,63115867,2020-07-28 12:23:30
63138417,63114905,2020-07-28 16:11:01
63156401,62261222,2020-07-29 14:52:50
63157967,63145277,2020-07-29 16:14:30
63158069,63138835,2020-07-29 16:19:31
63164910,63162310,2020-07-30 01:40:57
63171173,63127521,2020-07-30 10:23:55
63182068,63179080,2020-07-30 22:07:25
63199628,63199239,2020-07-31 22:01:21
63234818,63204081,2020-08-03 18:16:11
63250423,63243154,2020-08-04 15:43:49
63251861,61520346,2020-08-04 17:10:17
63264076,63255631,2020-08-05 11:19:29
63269194,63268849,2020-08-05 16:08:25
63278264,63248562,2020-08-06 06:51:08
63296331,63296185,2020-08-07 06:24:13
63297039,63296520,2020-08-07 07:19:27
63304097,63304005,2020-08-07 14:45:24
63305570,63305569,2020-08-07 16:13:59
63306249,62975940,2020-08-07 17:00:25
63307133,63306816,2020-08-07 18:08:34
63330748,63096583,2020-08-09 19:56:44
63362864,63361229,2020-08-11 16:55:41
63363079,63328246,2020-08-11 17:07:57
63374548,63187116,2020-08-12 10:22:56
63397212,63374642,2020-08-13 14:20:31
63400885,63380531,2020-08-13 18:06:10
63405081,63405080,2020-08-14 00:54:28
63424771,63297046,2020-08-15 10:00:20
63442496,63403985,2020-08-16 22:27:27
63450946,63415102,2020-08-17 12:35:44
63457041,63457040,2020-08-17 18:57:02
63473731,63441299,2020-08-18 17:28:38
63501047,63500377,2020-08-20 08:18:59
63516582,63425902,2020-08-21 04:34:38
63609377,63568274,2020-08-27 04:48:39
63926963,60202189,2020-09-16 19:42:13
63948720,63947132,2020-09-18 02:59:13
63960059,62012264,2020-09-18 17:09:51
63978968,63920599,2020-09-20 12:28:40
63979294,63973530,2020-09-20 13:06:22
64009123,64005433,2020-09-22 11:48:36
64041147,64033258,2020-09-24 07:04:57
64097907,64097278,2020-09-28 07:43:05
64102874,64073769,2020-09-28 13:09:47
64103378,64084262,2020-09-28 13:41:33
64118398,64118186,2020-09-29 11:10:32
64120092,64115070,2020-09-29 12:54:38
64142034,64137409,2020-09-30 16:39:04
64166841,64164367,2020-10-02 06:05:48
64171025,64170759,2020-10-02 11:48:43
64199301,64071574,2020-10-04 19:59:34
64204348,64054587,2020-10-05 07:42:35
64206280,64169189,2020-10-05 09:51:09
64210262,64173739,2020-10-05 14:06:22
64242317,64073243,2020-10-07 10:38:51
64293239,64246437,2020-10-10 12:08:26
64301445,64300737,2020-10-11 07:04:51
64502765,64207678,2020-10-23 15:16:40
64589653,64589652,2020-10-29 10:52:24
64622258,64486262,2020-10-31 13:34:49
64651933,64651724,2020-11-02 19:18:46
64653403,64653042,2020-11-02 21:12:41
64654646,64597526,2020-11-02 23:17:33
64685794,60839279,2020-11-04 18:34:14
64708001,64703268,2020-11-06 02:23:45
64744223,62309772,2020-11-08 23:49:20
64779562,63915711,2020-11-11 02:21:41
64789306,64779388,2020-11-11 15:26:02
64818633,64816630,2020-11-13 09:42:37
64907595,64875623,2020-11-19 08:04:28
64910968,64758689,2020-11-19 11:41:43
64921903,64286191,2020-11-20 00:10:50
64972341,64964435,2020-11-23 16:29:57
64982645,64974572,2020-11-24 08:21:00
64994316,64979752,2020-11-24 20:27:00
65017792,63778066,2020-11-26 07:39:36
65026149,64909903,2020-11-26 16:45:18
65032470,64925353,2020-11-27 05:25:56
65151039,62142825,2020-12-04 21:33:00
65276071,65276017,2020-12-13 13:18:12
65301516,65259702,2020-12-15 07:16:53
65316587,65316586,2020-12-16 02:45:27
65326382,65285203,2020-12-16 15:34:33
65332317,64684503,2020-12-16 22:55:11
65358482,65322286,2020-12-18 14:09:00
65633926,65627039,2021-01-08 17:48:17
65703266,65699980,2021-01-13 13:47:25
65719943,65719292,2021-01-14 13:30:20
65721638,65721061,2021-01-14 15:13:35
65733660,64849557,2021-01-15 09:37:28
65883615,65882686,2021-01-25 11:12:07
65888860,65887231,2021-01-25 16:41:54
65905254,65889143,2021-01-26 16:30:05
66034048,65819978,2021-02-03 19:01:31
66035378,66020144,2021-02-03 20:43:11
66055048,66016802,2021-02-04 22:52:48
66056741,65795579,2021-02-05 02:26:04
66071542,66062015,2021-02-05 22:37:51
66075896,64700093,2021-02-06 10:35:49
66079679,62673468,2021-02-06 17:18:16
66080135,64784040,2021-02-06 17:58:59
66093400,66086605,2021-02-07 21:41:32
66096811,66095293,2021-02-08 06:27:35
66116970,65991587,2021-02-09 10:17:20
66239529,65871038,2021-02-17 09:55:20
66240292,66239966,2021-02-17 10:40:57
66342031,66320831,2021-02-23 22:28:27
66576996,66576663,2021-03-11 05:33:26
66710387,66561959,2021-03-19 14:47:12
66720288,65434323,2021-03-20 10:03:52
66790512,66785273,2021-03-24 22:47:56
66794905,66152375,2021-03-25 07:27:52
66795908,66782040,2021-03-25 08:47:21
66899132,66899120,2021-04-01 06:00:09
66981008,66923216,2021-04-07 06:57:37
66990097,66989018,2021-04-07 16:20:59
66990449,63775893,2021-04-07 16:42:26
66995166,66978458,2021-04-07 22:54:26
67093568,67093041,2021-04-14 14:21:31
67119340,67104752,2021-04-16 04:58:58
67122976,67122683,2021-04-16 09:48:37
67123409,67123040,2021-04-16 10:18:25
67166354,66226685,2021-04-19 17:05:44
67167050,67161293,2021-04-19 17:59:29
67175474,67131617,2021-04-20 08:45:21
67184181,67051900,2021-04-20 18:08:52
67186379,67176637,2021-04-20 21:09:13
67187871,67186515,2021-04-21 00:31:28
67206331,67205469,2021-04-22 03:29:38
67208910,67196775,2021-04-22 07:42:57
67210005,67209146,2021-04-22 08:56:43
67211018,67210677,2021-04-22 09:58:14
67221065,67215839,2021-04-22 21:34:02
67265148,67241248,2021-04-26 10:41:01
67305496,67301583,2021-04-28 17:55:54
67315835,67258917,2021-04-29 10:46:49
67316171,67258465,2021-04-29 11:08:05
67347467,67277764,2021-05-01 14:44:33
67353446,67339965,2021-05-02 06:04:04
67364783,67361483,2021-05-03 07:08:02
67375742,67375607,2021-05-03 20:58:28
67384940,53154542,2021-05-04 12:38:54
67393472,67393339,2021-05-04 23:40:51
67413572,67398763,2021-05-06 07:26:37
67415158,67407702,2021-05-06 09:13:21
67420097,67387249,2021-05-06 14:23:42
67432142,67380942,2021-05-07 09:15:26
67433983,67433776,2021-05-07 11:16:48
67462013,67454531,2021-05-09 20:19:38
67465607,67456172,2021-05-10 06:19:06
66926238,66925614,2021-04-02 23:07:02
66911626,66911321,2021-04-01 21:13:30
66889105,66887340,2021-03-31 13:45:19
66874329,66817781,2021-03-30 15:54:38
66798509,66792575,2021-03-25 11:24:29
66748193,66704314,2021-03-22 14:35:49
66694541,65847574,2021-03-18 15:52:36
66694049,66692579,2021-03-18 15:24:06
66633353,66601526,2021-03-15 06:37:57
66598017,66566031,2021-03-12 10:16:46
66558206,66497968,2021-03-10 04:05:15
66505356,66504979,2021-03-06 11:54:11
66479786,66423449,2021-03-04 17:13:20
66478612,66477468,2021-03-04 15:58:09
66463802,64315239,2021-03-03 19:39:04
66451448,66348756,2021-03-03 05:48:37
66447901,65233943,2021-03-02 22:12:52
66412578,66409283,2021-02-28 18:34:51
66403555,66388294,2021-02-27 21:16:54
66402028,66196815,2021-02-27 18:21:16
66387852,66320435,2021-02-26 14:45:10
66318522,65464181,2021-02-22 15:24:19
66277557,66277250,2021-02-19 12:26:47
66274681,66264795,2021-02-19 09:12:25
66270765,66246693,2021-02-19 02:00:53
66267130,65619881,2021-02-18 19:48:18
66162150,65937786,2021-02-11 20:16:43
66022019,65608355,2021-02-03 05:56:27
66018566,54461730,2021-02-02 22:32:47
66006427,65997961,2021-02-02 08:58:02
65979056,65525944,2021-01-31 12:24:54
65977591,65421005,2021-01-31 09:33:25
65943075,65941675,2021-01-28 18:22:51
65941460,65881699,2021-01-28 16:41:09
65939477,65939058,2021-01-28 14:48:14
65938083,65937623,2021-01-28 13:30:03
65935665,65902366,2021-01-28 10:54:28
65933775,65846689,2021-01-28 08:50:32
65858994,65807148,2021-01-23 12:06:26
65838878,65822290,2021-01-22 03:21:48
65835932,65832799,2021-01-21 21:23:30
65835703,65794703,2021-01-21 21:04:52
65833489,65832720,2021-01-21 18:19:48
65826304,65824766,2021-01-21 11:20:29
65799418,65776789,2021-01-19 20:56:13
65790102,65789715,2021-01-19 10:55:13
65787840,60695933,2021-01-19 08:31:17
65782342,65770913,2021-01-18 21:32:53
65771061,65769868,2021-01-18 08:30:55
65755792,65753455,2021-01-16 23:29:35
65744174,61191412,2021-01-15 22:07:51
65727301,65710812,2021-01-14 21:40:39
65611073,65609804,2021-01-07 10:58:21
65590861,65577286,2021-01-06 05:53:03
65588226,65587939,2021-01-05 23:51:20
65572260,65569634,2021-01-05 02:03:57
65569348,65494496,2021-01-04 20:25:59
65561538,65561432,2021-01-04 10:58:52
65557986,65556574,2021-01-04 05:20:26
65538791,65332452,2021-01-02 11:52:26
65525729,65521556,2020-12-31 21:36:05
65518989,65517560,2020-12-31 09:26:04
65517812,65465114,2020-12-31 07:17:48
65417940,65416056,2020-12-23 01:27:49
65412745,64630198,2020-12-22 16:57:22
65407525,65407274,2020-12-22 11:02:18
65241252,65239565,2020-12-10 19:42:31
65202042,65035488,2020-12-08 15:40:42
65173663,65168915,2020-12-06 22:17:54
65167028,65002633,2020-12-06 10:34:54
65149662,65148768,2020-12-04 19:35:42
65146060,65145994,2020-12-04 15:14:14
65137632,61340117,2020-12-04 03:42:43
65112717,65112585,2020-12-02 17:02:08
65110356,64209196,2020-12-02 14:45:49
65102411,60616430,2020-12-02 04:51:47
65100257,65099376,2020-12-01 23:48:58
65092191,65091602,2020-12-01 14:14:57
65085612,65075228,2020-12-01 06:21:04
65054932,65054187,2020-11-28 22:05:11
64980410,61979691,2020-11-24 04:47:08
64603612,64594361,2020-10-30 06:27:26
64600395,63960011,2020-10-29 23:01:49
64599405,64211755,2020-10-29 21:22:55
64597989,64593327,2020-10-29 19:29:17
64584469,64584295,2020-10-29 03:15:58
64580845,64546521,2020-10-28 20:31:26
64575515,64554615,2020-10-28 14:58:13
64569905,64513552,2020-10-28 09:26:02
64569605,64561968,2020-10-28 09:07:36
64551290,64537150,2020-10-27 09:16:19
64546723,59375896,2020-10-27 00:21:55
64540670,64508625,2020-10-26 15:57:51
64535242,64448720,2020-10-26 10:22:46
64481643,64215998,2020-10-22 11:51:57
64471736,64456396,2020-10-21 21:04:50
64455227,64447654,2020-10-21 01:01:30
64438643,64415787,2020-10-20 04:49:36
64414765,64407452,2020-10-18 14:58:51
64411597,64302986,2020-10-18 09:15:33
64410652,64394661,2020-10-18 07:07:46
64371023,64263330,2020-10-15 11:53:13
64360437,64359321,2020-10-14 19:40:06
64359469,64338898,2020-10-14 18:31:40
64213834,64139290,2020-10-05 17:58:05
64212742,64080209,2020-10-05 16:37:47
63923931,63457857,2020-09-16 16:04:09
63920220,63781356,2020-09-16 12:35:22
63909876,60157184,2020-09-15 21:09:11
63897261,63891547,2020-09-15 07:41:56
63881845,59487643,2020-09-14 09:42:09
63846406,63844663,2020-09-11 11:42:57
63824703,63813624,2020-09-10 07:22:57
63820436,63740792,2020-09-09 22:37:06
63816880,63811726,2020-09-09 17:43:38
63814062,63667022,2020-09-09 14:42:45
63811516,63807950,2020-09-09 12:17:08
63806070,63698011,2020-09-09 06:39:35
63805812,63805114,2020-09-09 06:21:38
63798310,63796488,2020-09-08 16:49:29
63771268,63770171,2020-09-07 04:17:19
63769857,63766714,2020-09-06 23:48:42
63692153,63691515,2020-09-01 16:53:06
63680556,63642175,2020-09-01 02:38:29
63680081,63679503,2020-09-01 01:21:18
63662028,62453292,2020-08-30 20:51:14
63652848,63571552,2020-08-30 00:01:57
63637671,63637178,2020-08-28 16:28:48
63636399,63617788,2020-08-28 15:05:14
63628252,63600068,2020-08-28 05:59:03
63545267,62725467,2020-08-23 09:12:52
63459278,63458904,2020-08-17 22:08:41
63350094,63350039,2020-08-11 01:07:54
63339006,63338577,2020-08-10 11:09:52
63172707,63170715,2020-07-30 12:00:16
63081451,63024900,2020-07-24 21:06:01
63063386,63035151,2020-07-23 21:28:32
63063217,61630914,2020-07-23 21:14:30
63047205,62664183,2020-07-23 05:03:25
63045544,63045395,2020-07-23 01:35:57
67073907,67064180,2021-04-13 11:21:42
67056852,67052295,2021-04-12 10:33:23
67051991,67021176,2021-04-12 02:34:47
67050334,67015185,2021-04-11 21:26:49
67042281,66814885,2021-04-11 07:04:00
67033636,66950948,2021-04-10 11:05:04
67006317,66884848,2021-04-08 14:39:45
66932914,66915920,2021-04-03 15:36:02
66915402,66745404,2021-04-02 06:43:35
66915380,66711458,2021-04-02 06:41:28
66915200,66888622,2021-04-02 06:19:10
66851021,65884046,2021-03-29 08:35:16
66827617,66801546,2021-03-27 02:56:54
66819462,66819026,2021-03-26 15:05:38
66802258,66142193,2021-03-25 15:04:37
66802131,66793845,2021-03-25 14:57:52
67491187,67488064,2021-05-11 16:55:59
67499381,67499339,2021-05-12 07:51:54
67503849,67498965,2021-05-12 12:37:22
67535822,67533091,2021-05-14 14:13:53
67537139,67536581,2021-05-14 15:45:47
67537231,67535014,2021-05-14 15:53:45
67577979,67486160,2021-05-17 23:00:23
67616896,63473716,2021-05-20 08:41:29
67619153,66325857,2021-05-20 11:05:59
67621869,67570694,2021-05-20 13:58:49
67625049,67622586,2021-05-20 17:12:08
67636633,67635688,2021-05-21 12:14:45
67640789,67639665,2021-05-21 16:37:34
67683192,67505781,2021-05-25 07:03:45
67684496,67677780,2021-05-25 08:37:55
67698871,67689868,2021-05-26 05:14:24
67720172,67707288,2021-05-27 10:21:11
67747382,67744934,2021-05-29 03:09:19
67751849,67745141,2021-05-29 13:19:38
67786986,67786052,2021-06-01 10:16:03
67801013,64427396,2021-06-02 07:52:35
67820981,67819912,2021-06-03 11:51:31
67824532,67818831,2021-06-03 15:37:41
67857242,67835498,2021-06-06 08:39:43
67865335,67863816,2021-06-07 02:39:17
67871766,67870241,2021-06-07 12:38:23
67880161,67879851,2021-06-08 00:50:19
67898164,67456428,2021-06-09 05:36:41
67919224,67899421,2021-06-10 10:19:58
67956022,67953241,2021-06-13 07:52:23
67969250,67939827,2021-06-14 11:17:02
67999715,66656120,2021-06-16 09:13:29
68000517,67993641,2021-06-16 10:02:09
68006239,68004538,2021-06-16 16:00:05
68006783,67988138,2021-06-16 16:35:31
68010088,68009703,2021-06-16 21:13:35
68032770,67966905,2021-06-18 09:34:22
68033718,67734831,2021-06-18 10:40:50
68035863,68034523,2021-06-18 13:16:26
68062840,67866286,2021-06-21 05:42:31
68064612,68024476,2021-06-21 08:17:03
68090316,68082912,2021-06-22 20:24:47
68092878,68083831,2021-06-23 02:40:05
68117484,68115476,2021-06-24 14:15:51
68164990,68075940,2021-06-28 14:17:27
68195967,68161725,2021-06-30 13:42:45
68196994,68193944,2021-06-30 14:45:28
68303286,68303285,2021-07-08 14:10:50
68374318,68374280,2021-07-14 08:09:21
68402407,68402406,2021-07-16 01:21:39
68414998,68258003,2021-07-16 20:39:54
68415208,68186468,2021-07-16 21:03:20
68434994,68422680,2021-07-19 04:05:19
68444248,68442999,2021-07-19 16:49:31
68448565,67807756,2021-07-20 01:18:57
68486018,67689671,2021-07-22 13:49:52
68487405,68479297,2021-07-22 15:17:02
68489321,66570138,2021-07-22 17:40:05
68489381,68396088,2021-07-22 17:45:23
68489535,67020040,2021-07-22 17:58:53
68489678,68143997,2021-07-22 18:10:03
68512071,68367348,2021-07-24 16:53:55
68524750,68463080,2021-07-26 05:09:30
68530277,68360738,2021-07-26 12:55:44
68536410,68533916,2021-07-26 21:16:04
68568256,68559059,2021-07-28 23:03:26
68579418,68349739,2021-07-29 16:08:00
68580115,66554893,2021-07-29 17:00:25
68580170,63777462,2021-07-29 17:05:08
68644024,68643893,2021-08-04 00:09:05
68644185,68505595,2021-08-04 00:45:49
68644221,68644137,2021-08-04 00:53:58
68710729,68709594,2021-08-09 10:43:55
68725996,68675606,2021-08-10 11:28:31
68738294,68738148,2021-08-11 08:12:57
68753776,68501612,2021-08-12 08:08:26
68753986,68753045,2021-08-12 08:25:32
68780187,68775733,2021-08-14 03:51:49
68780495,68741326,2021-08-14 05:07:36
68790810,68790568,2021-08-15 10:47:14
68798264,68622242,2021-08-16 06:27:55
68804208,68798737,2021-08-16 14:06:01
68827803,68823606,2021-08-18 06:58:43
68830938,68802388,2021-08-18 10:47:03
68839777,68814941,2021-08-18 21:55:49
68847252,68728504,2021-08-19 11:45:35
68848477,68527422,2021-08-19 13:07:40
68876751,68825648,2021-08-21 21:03:27
68950607,68913914,2021-08-27 08:51:39
68979053,68944750,2021-08-30 04:49:53
68979487,68959934,2021-08-30 05:57:32
68982510,68917725,2021-08-30 10:23:45
69007441,68193708,2021-09-01 03:25:29
69018769,68407740,2021-09-01 18:13:05
69024006,69024005,2021-09-02 04:01:47
69035694,69020388,2021-09-02 18:51:45
69068380,68172002,2021-09-06 01:43:49
69068540,67713876,2021-09-06 02:23:51
69084257,69076270,2021-09-07 07:47:20
69101156,69000752,2021-09-08 10:14:20
69117607,69104302,2021-09-09 11:45:21
69131245,69115832,2021-09-10 11:03:17
69170605,69068520,2021-09-14 00:52:58
69171762,69126555,2021-09-14 04:21:08
69184844,69158205,2021-09-14 21:46:38
69224163,67062145,2021-09-17 13:21:05
69248456,69203143,2021-09-20 02:13:08
69256523,69254978,2021-09-20 14:52:13
69265212,69265000,2021-09-21 07:49:25
69313548,69099627,2021-09-24 10:32:40
69366802,69338516,2021-09-28 18:26:47
69399066,69245175,2021-09-30 21:36:16
69400605,69179914,2021-10-01 04:56:18
69488921,69444523,2021-10-07 23:40:33
69489370,64810620,2021-10-08 01:07:52
69492489,69466354,2021-10-08 08:04:08
69498893,69498670,2021-10-08 16:16:25
69500037,69499960,2021-10-08 18:04:12
69520695,67352949,2021-10-11 03:23:01
69524054,69489759,2021-10-11 09:36:30
69524376,69479488,2021-10-11 10:01:04
69531588,69526483,2021-10-11 19:35:41
69533935,69522401,2021-10-12 00:57:13
69562452,69561386,2021-10-13 21:20:31
69615647,69613815,2021-10-18 11:57:00
69632538,60017893,2021-10-19 14:16:58
69639579,69587252,2021-10-20 02:20:12
69648900,69227917,2021-10-20 15:29:11
69667732,69666500,2021-10-21 19:24:58
69675195,66850856,2021-10-22 10:20:21
69705201,69703225,2021-10-25 08:54:16
69729133,69685819,2021-10-26 19:48:29
69737444,69725612,2021-10-27 11:01:01
69757368,69737649,2021-10-28 15:59:25
69757927,69678393,2021-10-28 16:38:12
69763741,69757539,2021-10-29 04:44:14
69767807,69764100,2021-10-29 11:05:01
69768603,69768602,2021-10-29 12:06:32
69769215,69751254,2021-10-29 12:53:19
69782666,69782294,2021-10-30 22:40:56
69800440,69763003,2021-11-01 17:21:14
69803211,69799179,2021-11-01 21:58:44
69811187,69735547,2021-11-02 13:19:35
69830014,69827748,2021-11-03 18:28:47
69847695,69693666,2021-11-05 01:24:36
69853178,69853177,2021-11-05 12:22:23
69886126,68491585,2021-11-08 15:39:42
69893622,69891041,2021-11-09 06:22:28
69893636,69857932,2021-11-09 06:24:48
69907205,57857195,2021-11-10 02:07:56
69927107,69828187,2021-11-11 10:55:50
69932676,69931411,2021-11-11 17:44:00
69941391,69940562,2021-11-12 10:27:09
69945595,69944447,2021-11-12 15:50:35
69954054,69772073,2021-11-13 12:01:56
69974546,69962965,2021-11-15 12:39:44
70002922,62489539,2021-11-17 10:46:20
70006162,70005957,2021-11-17 14:26:33
70025605,69681031,2021-11-18 19:26:06
70037740,70034212,2021-11-19 16:08:42
70038364,70036318,2021-11-19 17:00:39
70051492,70051420,2021-11-21 03:02:34
69355794,69355385,2021-09-28 04:24:54
69351997,69036277,2021-09-27 19:02:52
69349393,69248339,2021-09-27 15:36:43
69335771,69335737,2021-09-26 14:15:52
68913355,68909644,2021-08-24 19:50:06
68902887,68812238,2021-08-24 06:44:14
68898313,68718719,2021-08-23 19:53:41
68873476,68569742,2021-08-21 13:32:41
68864690,68820617,2021-08-20 15:33:31
68658973,68658385,2021-08-04 23:22:42
68658916,68616817,2021-08-04 23:11:09
68369813,68356746,2021-07-13 22:05:27
68290120,68241601,2021-07-07 16:50:07
68260374,66574569,2021-07-05 18:00:26
68256105,68251533,2021-07-05 12:24:52
68253425,65992776,2021-07-05 09:05:11
68237344,68237132,2021-07-03 14:57:20
68229088,68026549,2021-07-02 17:17:12
69691655,69567330,2021-10-23 20:05:35
69690759,69689266,2021-10-23 18:00:53
69365219,69356567,2021-09-28 16:19:04
69354762,69099123,2021-09-28 01:22:53
70092932,70092793,2021-11-24 08:37:13
70099642,70009118,2021-11-24 16:29:46
70100109,70098779,2021-11-24 17:01:13
70102015,69046990,2021-11-24 19:39:22
70113499,70111193,2021-11-25 15:13:20
70159585,70156610,2021-11-29 18:28:09
70184259,70169519,2021-12-01 12:31:28
70188476,70163094,2021-12-01 17:13:23
70191757,70191668,2021-12-01 22:01:10
70204408,70202848,2021-12-02 18:04:58
70241297,70240640,2021-12-06 05:39:34
70247085,70225564,2021-12-06 14:29:38
70249692,70248817,2021-12-06 17:46:46
70255055,70252478,2021-12-07 04:44:33
70266662,70258080,2021-12-07 20:38:32
70271902,68682085,2021-12-08 08:24:37
70294676,70287087,2021-12-09 18:06:18
70336438,70335470,2021-12-13 14:43:44
70352941,70306493,2021-12-14 17:13:31
70366989,70279636,2021-12-15 16:19:23
70382233,70335049,2021-12-16 16:11:09
70412229,70411715,2021-12-19 14:19:40
70437141,70356856,2021-12-21 14:35:00
70450847,70420241,2021-12-22 14:46:22
70476937,70445997,2021-12-24 22:41:29
70513415,70513398,2021-12-28 22:59:15
70542175,70538271,2021-12-31 12:07:40
70548551,70047920,2022-01-01 11:24:33
70561340,70560288,2022-01-03 03:08:55
70565424,70268372,2022-01-03 11:55:36
70565710,70380861,2022-01-03 12:20:37
70566482,70565147,2022-01-03 13:27:57
70568872,70544873,2022-01-03 16:41:11
70574515,70539698,2022-01-04 05:46:56
70590195,70560467,2022-01-05 09:03:45
70608819,70599052,2022-01-06 14:38:47
70620323,70571948,2022-01-07 11:09:28
70627512,70620074,2022-01-07 21:45:41
70641881,70632239,2022-01-09 13:45:20
70657401,70603137,2022-01-10 18:39:43
70675984,66592313,2022-01-12 03:28:12
70699106,70335823,2022-01-13 15:30:39
70736460,70692270,2022-01-17 04:15:13
70739534,70730897,2022-01-17 10:03:49
70746339,70745798,2022-01-17 19:05:26
70776637,70455676,2022-01-19 19:26:46
70783199,70771911,2022-01-20 08:51:36
70802505,70779880,2022-01-21 13:58:19
70825062,70820661,2022-01-23 18:03:46
70860992,70833499,2022-01-26 09:14:08
70878131,70877982,2022-01-27 11:53:22
70928762,70928761,2022-01-31 15:43:57
70929124,70929123,2022-01-31 16:08:50
70930507,70928144,2022-01-31 17:45:43
70956659,70955450,2022-02-02 13:40:35
70976650,70975320,2022-02-03 18:43:01
70979983,70978331,2022-02-04 00:04:39
70980502,70888883,2022-02-04 01:35:29
70983857,70968460,2022-02-04 09:10:35
71004266,70976353,2022-02-06 04:46:54
71012333,65102618,2022-02-07 00:29:46
71053334,70873792,2022-02-09 16:34:59
71085071,71023918,2022-02-11 18:41:46
71128128,71127858,2022-02-15 14:23:56
71135315,71135260,2022-02-16 01:13:37
71136332,71135228,2022-02-16 04:16:49
71152263,71152047,2022-02-17 03:45:39
71161289,71155959,2022-02-17 15:51:31
71165689,71136057,2022-02-17 21:39:04
71169565,71169178,2022-02-18 07:07:54
71181773,68846704,2022-02-19 02:41:45
71192375,71172207,2022-02-20 07:55:27
71202374,71185505,2022-02-21 07:06:52
71211617,70931309,2022-02-21 18:56:57
71214538,70156631,2022-02-22 00:21:59
71218834,71068837,2022-02-22 09:32:16
71228831,71126832,2022-02-22 21:59:21
71229124,71120471,2022-02-22 22:30:51
71242437,71221741,2022-02-23 18:40:27
71249735,71246559,2022-02-24 09:25:18
71255910,71024584,2022-02-24 17:26:19
71256562,70933814,2022-02-24 18:24:01
71262872,71262010,2022-02-25 08:12:59
71263735,71255132,2022-02-25 09:30:17
71265781,71053554,2022-02-25 12:20:04
71266206,70835006,2022-02-25 12:57:03
71266245,70486162,2022-02-25 13:00:46
71266563,71260306,2022-02-25 13:27:22
71315292,71161777,2022-03-01 22:22:16
71339352,71338160,2022-03-03 15:05:59
71341425,71340893,2022-03-03 17:38:04
71341852,71338750,2022-03-03 18:08:26
71342802,71273364,2022-03-03 19:34:08
71350846,71197045,2022-03-04 11:35:04
71355714,71346372,2022-03-04 18:22:35
71357806,71063820,2022-03-04 22:22:14
71357828,71075255,2022-03-04 22:25:24
71362310,71014584,2022-03-05 12:46:16
71371918,71351821,2022-03-06 16:02:17
71387046,71308112,2022-03-07 20:45:03
71387804,71385524,2022-03-07 22:06:30
71395457,70538098,2022-03-08 12:56:27
71399097,71398882,2022-03-08 17:22:08
71409206,71245000,2022-03-09 12:14:43
71410748,71407308,2022-03-09 14:14:58
71442914,71378280,2022-03-11 18:08:34
71465145,71292240,2022-03-14 08:58:23
71509545,71492980,2022-03-17 09:01:30
71527132,71467176,2022-03-18 12:38:20
71530292,71522857,2022-03-18 16:32:21
71547861,70671957,2022-03-20 14:56:55
71587161,71579883,2022-03-23 12:23:37
71611763,71499094,2022-03-25 03:13:13
71612326,71611419,2022-03-25 04:55:37
71612583,71609028,2022-03-25 05:33:05
71624360,71619743,2022-03-26 00:16:56
71648904,71623200,2022-03-28 14:15:01
71657950,71655510,2022-03-29 07:21:07
71660433,71623732,2022-03-29 10:29:18
71662271,69277390,2022-03-29 12:45:08
71679462,71509160,2022-03-30 14:47:46
71687975,71687131,2022-03-31 06:40:38
71693135,71660619,2022-03-31 13:12:46
71705309,71694816,2022-04-01 10:13:25
71718636,71662401,2022-04-02 14:59:10
71745786,71696407,2022-04-05 02:43:25
71747990,71738894,2022-04-05 07:47:03
71750480,71496966,2022-04-05 10:50:32
71757468,71751105,2022-04-05 19:34:44
71761861,71752458,2022-04-06 06:17:24
71763011,71747545,2022-04-06 07:55:01
71774864,71665007,2022-04-07 00:02:35
71795325,69795917,2022-04-08 10:19:06
71829758,71827884,2022-04-11 14:38:53
71850503,71846804,2022-04-13 00:26:28
71852940,71847442,2022-04-13 06:38:31
71880474,71880336,2022-04-15 05:37:28
71881279,71860839,2022-04-15 07:34:10
71907680,71872506,2022-04-18 04:47:54
71949770,71783228,2022-04-21 06:21:15
71965351,71948090,2022-04-22 08:01:42
71973994,71962260,2022-04-22 19:57:49
71982829,71953876,2022-04-23 19:07:50
71984684,71708147,2022-04-24 00:46:51
72008705,71858668,2022-04-26 05:16:05
72008858,71985302,2022-04-26 05:35:47
72013381,72013380,2022-04-26 11:46:38
72017723,72007159,2022-04-26 16:51:22
72037140,72035391,2022-04-28 01:58:04
72038875,72038060,2022-04-28 06:19:43
72048755,72039147,2022-04-28 18:40:15
72051491,72032469,2022-04-29 00:13:05
72052218,72039744,2022-04-29 02:39:16
72064907,71870508,2022-04-30 00:49:46
72065007,71777914,2022-04-30 01:17:31
72065187,68687729,2022-04-30 02:10:19
72068142,72068059,2022-04-30 11:32:19
72089736,72058686,2022-05-02 16:41:33
72090702,72090460,2022-05-02 18:12:15
72095701,71851981,2022-05-03 06:49:22
72101027,72097296,2022-05-03 14:32:47
72107202,72099790,2022-05-04 01:59:22
72107244,72096297,2022-05-04 02:05:55
72121801,72083832,2022-05-05 04:03:52
72123273,72120382,2022-05-05 07:15:00
72130874,71395641,2022-05-05 16:50:06
72138421,72133111,2022-05-06 08:27:02
72167122,72166808,2022-05-09 04:51:23
72170407,72170169,2022-05-09 10:19:09
72202090,71679081,2022-05-11 13:38:19
72203950,72203674,2022-05-11 15:43:32
72210518,72210450,2022-05-12 05:32:02
72211127,72210628,2022-05-12 06:43:57
72232763,72214443,2022-05-13 16:32:09
72242854,72044181,2022-05-14 18:17:36
72252259,72250896,2022-05-15 21:19:52
72256550,72166920,2022-05-16 08:57:22
72274864,72101578,2022-05-17 13:24:24
72277021,72073763,2022-05-17 15:43:32
72277293,72266041,2022-05-17 16:02:38
72281612,72256288,2022-05-17 23:10:20
72321948,72319750,2022-05-20 16:15:17
72389875,72376401,2022-05-26 09:48:08
72400539,72399408,2022-05-27 04:42:21
72409316,72408785,2022-05-27 17:51:48
72409920,72408377,2022-05-27 18:53:13
72418673,72392070,2022-05-28 19:27:05
72432182,72431938,2022-05-30 09:38:56
72454566,72454565,2022-05-31 22:09:34
72458838,72448994,2022-06-01 08:44:03
72469296,72419908,2022-06-02 00:17:48
72479832,72479831,2022-06-02 17:02:19
72481059,72463927,2022-06-02 18:53:50
72486796,72473641,2022-06-03 08:28:54
72487285,72473317,2022-06-03 09:09:10
72489362,72474007,2022-06-03 12:08:40
72491717,72490682,2022-06-03 15:14:54
72492007,72491505,2022-06-03 15:38:44
72492930,72478572,2022-06-03 17:01:26
72550911,72376872,2022-06-08 19:01:50
72565146,72538301,2022-06-09 18:40:55
72576799,72551630,2022-06-10 15:37:00
72580645,72580594,2022-06-10 23:28:53
72597768,72425907,2022-06-13 04:29:29
72606145,72480662,2022-06-13 16:29:59
72613045,72604450,2022-06-14 07:29:05
72639737,72637756,2022-06-16 02:15:08
72640097,72622280,2022-06-16 03:22:11
72645302,72633246,2022-06-16 11:44:57
72653489,72641789,2022-06-17 01:37:08
72653569,65664382,2022-06-17 01:52:44
72655193,72094768,2022-06-17 06:32:21
72657564,72097417,2022-06-17 09:56:35
72657672,72411618,2022-06-17 10:05:21
72661168,72648719,2022-06-17 14:46:48
72666514,72651603,2022-06-18 03:39:31
72666551,72665109,2022-06-18 03:51:17
72681014,72659937,2022-06-19 23:45:28
72695538,72695360,2022-06-21 05:01:52
72706723,72663159,2022-06-21 20:23:35
72707669,72697889,2022-06-21 22:16:08
72719904,72690551,2022-06-22 17:45:42
72721227,72718114,2022-06-22 19:47:12
72721755,72721109,2022-06-22 20:40:47
72722150,72694707,2022-06-22 21:24:47
72722324,72454747,2022-06-22 21:43:18
72729521,72729267,2022-06-23 11:38:25
72733261,72693169,2022-06-23 16:01:25
72738711,72738710,2022-06-24 03:34:04
72748673,72712449,2022-06-24 19:36:07
72752498,72746701,2022-06-25 08:50:44
72770385,72732616,2022-06-27 10:12:54
72771390,72731861,2022-06-27 11:32:08
72771593,72745109,2022-06-27 11:49:11
72784330,72760982,2022-06-28 09:54:48
72796506,68736614,2022-06-29 06:06:10
72803260,72798225,2022-06-29 14:37:17
72820513,72780102,2022-06-30 18:31:45
72829114,72774207,2022-07-01 12:15:12
72834950,72834714,2022-07-01 21:55:50
72856536,72775967,2022-07-04 12:10:59
72864388,72518344,2022-07-05 05:29:14
72875304,72874937,2022-07-05 20:42:25
72875857,72780610,2022-07-05 21:40:54
72876499,72663991,2022-07-05 23:31:09
72878042,72831360,2022-07-06 04:42:30
72895587,72886409,2022-07-07 09:40:14
72909496,72909085,2022-07-08 09:39:48
72914082,72912418,2022-07-08 16:02:18
72933948,72933908,2022-07-11 05:09:35
72939180,72935918,2022-07-11 13:14:33
72957957,72954467,2022-07-12 20:19:31
72997709,72914046,2022-07-15 17:27:05
73028228,73025706,2022-07-18 20:26:38
73028575,73024189,2022-07-18 20:59:33
73038116,72975189,2022-07-19 13:44:43
73044244,73041737,2022-07-19 22:52:10
73048122,72994988,2022-07-20 08:15:34
73051013,73050203,2022-07-20 11:42:34
73061992,73061907,2022-07-21 07:06:06
73073772,73042521,2022-07-21 23:57:06
73083654,73058582,2022-07-22 16:50:49
73102877,73074887,2022-07-24 23:47:46
73113886,73110661,2022-07-25 18:38:08
73120660,71649163,2022-07-26 09:10:30
73134754,73134073,2022-07-27 08:38:47
73141189,73137433,2022-07-27 16:00:35
73145679,73133746,2022-07-27 23:32:23
73152034,73146779,2022-07-28 11:21:24
73160126,73158818,2022-07-28 23:19:51
73162113,73127303,2022-07-29 05:46:47
73167262,73166561,2022-07-29 13:07:07
73172888,73172644,2022-07-30 04:36:22
73181671,73098701,2022-07-31 08:22:48
73181744,72997776,2022-07-31 08:36:23
73181820,72640182,2022-07-31 08:50:07
73188377,73185685,2022-08-01 02:41:22
73189283,73187536,2022-08-01 05:50:06
73189509,73130723,2022-08-01 06:18:41
73193626,73182806,2022-08-01 12:24:47
73194611,73192053,2022-08-01 13:39:44
73205742,71321757,2022-08-02 10:10:13
73208961,73208208,2022-08-02 14:04:44
73217824,73216926,2022-08-03 07:29:00
73221065,73200116,2022-08-03 11:36:34
73238830,73232032,2022-08-04 15:50:56
73281215,73140531,2022-08-08 16:30:20
73291836,73282180,2022-08-09 12:29:07
73319039,73318372,2022-08-11 10:18:37
73323199,73320708,2022-08-11 15:21:04
73337454,73303849,2022-08-12 16:50:34
73344800,73329904,2022-08-13 13:44:33
73349255,73348576,2022-08-14 05:11:32
73351494,73349291,2022-08-14 12:07:09
73368633,73334915,2022-08-16 03:55:21
73374242,73292975,2022-08-16 12:46:57
73418489,71077397,2022-08-19 14:42:46
73418975,73418843,2022-08-19 15:22:10
73423083,73415182,2022-08-19 23:22:51
73442465,73440722,2022-08-22 08:52:23
73443845,73431378,2022-08-22 10:44:12
73445520,73435172,2022-08-22 12:58:00
73457679,73146282,2022-08-23 11:12:11
73477654,73383302,2022-08-24 17:54:09
73477678,73397959,2022-08-24 17:56:04
73479776,73310895,2022-08-24 21:42:03
73491447,73471486,2022-08-25 17:19:20
73511077,73501103,2022-08-27 12:38:02
73530903,73520188,2022-08-29 15:11:22
73530957,73494998,2022-08-29 15:15:45
73566709,73565648,2022-09-01 08:59:16
73570927,73567221,2022-09-01 14:19:38
73579937,70553701,2022-09-02 08:41:26
73581284,73580703,2022-09-02 10:34:04
73595062,73592834,2022-09-03 19:51:55
73612166,73611956,2022-09-05 16:14:09
73626029,73326411,2022-09-06 17:52:33
73628463,73592371,2022-09-06 22:47:48
73628568,73595234,2022-09-06 23:10:50
73631901,71425842,2022-09-07 07:53:48
73651883,73651368,2022-09-08 15:48:16
73652132,73645084,2022-09-08 16:08:29
73652628,73651050,2022-09-08 16:54:50
73653570,69538469,2022-09-08 18:24:57
73655239,73654460,2022-09-08 21:33:47
73665076,73621850,2022-09-09 16:30:27
73666111,73646830,2022-09-09 18:17:38
73674347,73663585,2022-09-10 18:36:59
73708031,73676684,2022-09-13 18:56:21
73712101,73685446,2022-09-14 05:53:44
73715029,73700203,2022-09-14 10:05:11
73716368,73702976,2022-09-14 11:50:02
73724158,73676483,2022-09-14 23:27:55
73724240,73674278,2022-09-14 23:50:08
73726514,73661090,2022-09-15 06:29:02
73736143,73713177,2022-09-15 18:56:30
73740171,73732523,2022-09-16 05:20:24
73753411,73694705,2022-09-17 08:41:16
73759159,73731665,2022-09-17 23:24:54
73759186,73751712,2022-09-17 23:32:34
73773007,73773006,2022-09-19 11:56:33
73780683,73621446,2022-09-20 01:11:58
73782945,73760033,2022-09-20 07:20:53
73787057,73781018,2022-09-20 12:53:03
73793067,73677347,2022-09-20 22:00:20
73797261,73720626,2022-09-21 08:01:03
73820535,73788252,2022-09-22 20:50:01
73825605,73728499,2022-09-23 09:22:37
73831449,73760705,2022-09-23 18:04:32
73833223,73724586,2022-09-23 21:39:23
73833447,73829280,2022-09-23 22:14:00
73837113,73833320,2022-09-24 12:08:23
73847130,73643715,2022-09-25 19:00:40
73857250,73646137,2022-09-26 16:37:16
73870545,73824524,2022-09-27 16:02:04
73873448,73865465,2022-09-27 20:25:17
73880942,73584269,2022-09-28 11:52:49
73882530,73721496,2022-09-28 13:44:07
73938436,73842088,2022-10-03 16:44:00
73944990,73942818,2022-10-04 08:23:24
73962352,73949317,2022-10-05 14:58:17
73969416,73908239,2022-10-06 06:25:56
73970010,73623659,2022-10-06 07:25:08
73980940,73967547,2022-10-06 23:31:06
73985124,73969207,2022-10-07 09:30:15
73986489,73985582,2022-10-07 11:29:08
73989628,73952416,2022-10-07 15:43:56
73996825,69662004,2022-10-08 12:04:12
74012740,74010810,2022-10-10 09:26:58
74016270,74015742,2022-10-10 14:13:32
74020576,73980007,2022-10-10 20:54:41
74027480,74017026,2022-10-11 11:37:36
74067496,74064418,2022-10-14 09:52:06
74081856,74012546,2022-10-15 18:02:39
74083890,73433402,2022-10-16 00:29:29
74084475,74084385,2022-10-16 03:48:51
74084517,73972077,2022-10-16 04:00:05
74084559,73703577,2022-10-16 04:11:42
74086732,73790017,2022-10-16 11:28:47
74092465,74076365,2022-10-17 03:58:53
74101397,74069566,2022-10-17 18:06:48
74119697,73953744,2022-10-19 03:56:00
74124021,74123333,2022-10-19 10:46:33
74154157,72580651,2022-10-21 13:11:59
74160221,74118116,2022-10-22 00:12:52
74179281,74178509,2022-10-24 09:46:13
74180279,74179120,2022-10-24 11:14:49
74189113,74127921,2022-10-25 04:25:02
74197963,74195903,2022-10-25 17:23:26
74202801,74201422,2022-10-26 04:44:47
74209602,73458933,2022-10-26 14:36:28
74217525,74123559,2022-10-27 06:13:24
74224927,74224196,2022-10-27 15:55:50
74225173,74224896,2022-10-27 16:14:23
74231618,74229203,2022-10-28 06:53:15
74238068,74208931,2022-10-28 16:08:52
74238293,74223523,2022-10-28 16:30:05
74249675,73425020,2022-10-29 23:58:48
74249979,74249458,2022-10-30 01:41:02
74257228,74232315,2022-10-30 22:33:55
74257446,74236782,2022-10-30 23:27:03
74268390,74267692,2022-10-31 19:42:28
74294502,74286611,2022-11-02 19:09:28
74309108,74308758,2022-11-03 20:19:49
74342432,74338552,2022-11-07 05:50:28
74345200,74289302,2022-11-07 10:33:42
74345786,74188251,2022-11-07 11:22:16
74353751,74352961,2022-11-07 22:41:29
74360860,74181670,2022-11-08 12:34:41
74361200,74328992,2022-11-08 13:02:37
74361833,74357085,2022-11-08 13:50:09
74365125,74364253,2022-11-08 17:50:28
74367192,74058573,2022-11-08 21:07:25
74371369,74337674,2022-11-09 07:40:30
74372098,74255238,2022-11-09 08:49:33
74373225,74341988,2022-11-09 10:21:03
74375680,74278491,2022-11-09 13:32:14
74377608,74345000,2022-11-09 15:40:30
74384278,74342053,2022-11-10 04:49:06
74384896,74343072,2022-11-10 06:22:16
74401281,74400188,2022-11-11 10:39:52
74401447,74401139,2022-11-11 10:54:53
74405255,74396941,2022-11-11 16:09:15
74439458,74315922,2022-11-15 00:38:24
74444530,73788620,2022-11-15 11:03:46
74447216,73906466,2022-11-15 14:23:22
74455281,74406041,2022-11-16 04:42:50
74457886,74445639,2022-11-16 09:16:49
74458476,74375517,2022-11-16 09:59:25
74464590,74464062,2022-11-16 17:15:05
74465314,74449124,2022-11-16 18:12:52
74466400,74465467,2022-11-16 19:52:01
74506995,74384817,2022-11-20 09:38:03
74524683,74523342,2022-11-21 20:42:16
74526033,74522541,2022-11-21 23:49:35
74528436,74528389,2022-11-22 06:43:40
74529120,74509933,2022-11-22 07:53:32
74534282,74524941,2022-11-22 14:31:26
74544565,74543837,2022-11-23 09:36:10
74551264,74550808,2022-11-23 18:05:01
74552275,74551835,2022-11-23 19:48:45
74552643,74405489,2022-11-23 20:28:32
74553419,74495545,2022-11-23 21:58:19
74555094,74546629,2022-11-24 02:52:42
74555998,74519733,2022-11-24 05:31:02
74563657,74562532,2022-11-24 16:18:23
74565125,74456786,2022-11-24 18:48:41
74569056,74556459,2022-11-25 06:34:44
74576975,74576523,2022-11-25 18:58:57
74577898,74561856,2022-11-25 21:13:15
74598115,74596339,2022-11-28 08:53:47
74621913,74611142,2022-11-30 01:20:30
74624575,74603005,2022-11-30 08:06:28
74630621,74621585,2022-11-30 15:54:33
74643104,74387655,2022-12-01 14:03:02
74645618,74638888,2022-12-01 17:06:20
74670123,74444916,2022-12-03 19:45:55
74712763,74697155,2022-12-07 06:52:41
74720234,74717490,2022-12-07 16:54:34
74729735,74728242,2022-12-08 11:39:11
74751115,74689932,2022-12-10 07:21:47
74768194,74748411,2022-12-12 08:05:32
74786644,74745554,2022-12-13 14:47:40
74787866,74787715,2022-12-13 16:18:28
74825867,74694537,2022-12-16 14:34:20
74833079,74507434,2022-12-17 09:38:05
74851644,74851620,2022-12-19 14:11:01
74854138,74853843,2022-12-19 17:47:16
74856555,73844060,2022-12-19 22:10:07
74883763,74629440,2022-12-22 03:01:04
74893920,74874949,2022-12-22 21:14:59
74894156,74875985,2022-12-22 21:45:43
74897859,74890969,2022-12-23 08:59:28
74905403,74905350,2022-12-24 03:22:25
74936828,74934228,2022-12-28 06:11:41
74949802,74942388,2022-12-29 10:14:10
74984693,74981058,2023-01-02 16:15:44
74995793,74805125,2023-01-03 16:07:41
74999725,74972158,2023-01-03 23:47:30
75047066,75047065,2023-01-08 10:34:42
75077647,75077646,2023-01-11 02:05:53
75150866,75150865,2023-01-17 18:39:42
76224868,76211496,2023-05-11 06:57:11
76437072,76436642,2023-06-09 03:41:53
76375285,76363301,2023-05-31 15:48:47
76309171,76307198,2023-05-22 18:58:26
76294966,76294949,2023-05-20 11:25:51
76282025,76258863,2023-05-18 15:00:14
76259719,76256165,2023-05-16 05:48:10
76258603,76244257,2023-05-16 00:00:11
76251678,76235292,2023-05-15 07:14:40
76231642,76230401,2023-05-11 21:13:38
76203452,76197587,2023-05-08 18:42:10
76181758,76176988,2023-05-05 11:35:55
76181503,76177051,2023-05-05 11:04:27
76177300,76175487,2023-05-04 20:55:32
76156863,76149416,2023-05-02 16:17:09
76117297,76117119,2023-04-27 06:21:58
76116731,75907677,2023-04-27 04:23:25
76080956,76023766,2023-04-22 17:17:10
76072371,76065598,2023-04-21 10:41:48
76067298,76000161,2023-04-20 18:42:02
76056853,76053273,2023-04-19 16:28:47
76034142,75548031,2023-04-17 10:24:04
76008139,75980538,2023-04-13 17:09:33
76007673,76007568,2023-04-13 16:16:37
75987829,75981098,2023-04-11 15:50:08
75983179,75981077,2023-04-11 06:58:50
75983042,75981029,2023-04-11 06:39:30
75979840,75947125,2023-04-10 18:51:04
75975381,75961271,2023-04-10 08:11:32
75929365,75928306,2023-04-04 12:23:48
75929349,75833450,2023-04-04 12:21:18
75924231,75923500,2023-04-03 22:38:39
75916937,75909626,2023-04-03 07:26:12
75906365,75899177,2023-04-01 13:07:10
75903680,75673909,2023-04-01 00:35:00
75900314,75876726,2023-03-31 15:34:23
75898356,75768789,2023-03-31 12:06:35
75891821,75872575,2023-03-30 18:35:29
75882614,75522284,2023-03-29 22:14:46
75868337,75845822,2023-03-28 15:41:51
75864203,75843768,2023-03-28 08:57:17
75845730,75831227,2023-03-26 03:34:02
75834290,75834188,2023-03-24 13:31:59
75824757,75781599,2023-03-23 15:10:55
75823062,75812404,2023-03-23 12:34:16
75815715,75812640,2023-03-22 17:54:18
75813806,75805480,2023-03-22 14:50:48
75794621,75785159,2023-03-20 19:42:48
75753353,75676242,2023-03-16 07:47:35
75731332,75729724,2023-03-14 09:36:22
75727460,75701023,2023-03-13 22:27:20
75698337,75695930,2023-03-10 15:59:39
75672755,75670745,2023-03-08 11:58:57
75665987,75665736,2023-03-07 18:41:36
75657966,75651736,2023-03-07 04:09:47
75631020,75574144,2023-03-03 19:12:46
75626020,75625784,2023-03-03 10:41:04
75608269,75574407,2023-03-01 19:45:39
75593127,75497497,2023-02-28 14:05:24
75575987,75572304,2023-02-27 00:53:37
75563451,75064559,2023-02-25 05:22:16
75561591,75560759,2023-02-24 21:37:47
75559235,75374982,2023-02-24 16:47:22
75555315,75553207,2023-02-24 10:19:43
75491351,75367831,2023-02-18 05:13:47
75487273,75386721,2023-02-17 17:07:10
75478362,75414991,2023-02-16 22:04:31
75470956,75456934,2023-02-16 10:31:07
75463398,75432878,2023-02-15 17:25:28
75446520,75342508,2023-02-14 10:29:05
75408814,75407526,2023-02-10 08:53:19
75408787,75387306,2023-02-10 08:50:29
75393073,75306950,2023-02-09 00:35:03
75392720,75391866,2023-02-08 23:28:07
75383668,75377986,2023-02-08 09:28:54
75358955,75356400,2023-02-06 08:32:21
75350196,75308992,2023-02-05 04:55:31
75338126,75337910,2023-02-03 15:53:53
75328540,75323889,2023-02-02 20:19:32
75323327,75283767,2023-02-02 12:38:51
75314345,75306841,2023-02-01 18:02:18
75311000,75304515,2023-02-01 13:37:07
75301925,75301253,2023-01-31 18:58:12
75278589,75261273,2023-01-29 21:40:26
75262049,72218563,2023-01-27 18:30:02
75235604,75145898,2023-01-25 14:43:28
75230601,75224766,2023-01-25 06:59:42
75221471,75184058,2023-01-24 12:25:58
75221180,75106061,2023-01-24 11:59:47
75214598,75211670,2023-01-23 20:13:59
75198469,69113605,2023-01-22 05:55:40
75179909,74979765,2023-01-20 01:50:47
75169309,75162867,2023-01-19 08:11:47
75143295,75061023,2023-01-17 07:48:16
75142040,75140385,2023-01-17 04:38:22
75109064,75108945,2023-01-13 12:13:54
75105145,75087428,2023-01-13 05:18:49
75104855,75096564,2023-01-13 04:27:54
75103386,75084816,2023-01-12 23:33:41
75098567,75071869,2023-01-12 15:18:13
75094569,75006654,2023-01-12 10:05:39
75076353,75010272,2023-01-10 22:06:44
75073333,75057477,2023-01-10 16:53:20
75055883,75016842,2023-01-09 10:24:05
75039089,75016527,2023-01-07 08:48:19
75002933,74558819,2023-01-04 08:46:29
75000268,74996854,2023-01-04 01:55:00
76587491,75038672,2023-06-30 09:01:26
76575310,76574120,2023-06-28 17:02:43
76564750,76563164,2023-06-27 12:14:17
76526651,76516481,2023-06-21 19:45:45
76453924,76431211,2023-06-12 05:53:40
76440735,76440443,2023-06-09 13:26:49
76422180,76398998,2023-06-07 10:10:50
76416977,76334479,2023-06-06 17:14:17
76413598,76408811,2023-06-06 10:16:26
76411671,76409133,2023-06-06 05:33:14
76400448,76396664,2023-06-04 12:36:25
76394322,76384215,2023-06-03 02:25:49
76393652,76385996,2023-06-02 21:51:32
76382385,76184542,2023-06-01 13:25:20
76357826,76356663,2023-05-29 13:32:18
76357387,76332923,2023-05-29 12:27:53
76355878,76352244,2023-05-29 08:47:59
76346076,76341954,2023-05-27 08:48:50
76330025,76322238,2023-05-25 07:52:15
76314975,76293385,2023-05-23 12:53:37
76268860,76259858,2023-05-17 05:40:11
76197675,76178347,2023-05-08 05:12:51
76197639,76165275,2023-05-08 05:05:12
76116923,76110651,2023-04-27 05:08:51
76041073,76027182,2023-04-18 04:51:41
76580774,76576296,2023-06-29 11:51:33
76573869,76560332,2023-06-28 13:54:09
76531053,76516514,2023-06-22 10:38:59
76449212,76201782,2023-06-11 06:06:40
